place,name,cbsa,blkgrps,population,households,land_acres,ht_ami,ht_80ami,ht_nmi,h_ami,h_80ami,h_nmi,t_ami,t_80ami,t_nmi,co2_per_hh_local,co2_per_acre_local,autos_per_hh_ami,autos_per_hh_80ami,autos_per_hh_nmi,vmt_per_hh_ami,vmt_per_hh_80ami,vmt_per_hh_nmi,pct_transit_commuters_ami,pct_transit_commuters_80ami,pct_transit_commuters_nmi,t_cost_ami,t_cost_80ami,t_cost_nmi,auto_ownership_cost_ami,auto_ownership_cost_80ami,auto_ownership_cost_nmi,vmt_cost_ami,vmt_cost_80ami,vmt_cost_nmi,transit_cost_ami,transit_cost_80ami,transit_cost_nmi,transit_trips_ami,transit_trips_80ami,transit_trips_nmi,compact_ndx,emp_ovrll_ndx,res_density,gross_hh_density,hh_gravity,frac_sfd,emp_gravity,emp_ndx,block_size,intersection_density,avg_block_perimeter_meters,h_cost,median_smoc,median_gross_rent,pct_owner_occupied_hu,pct_renter_occupied_hu,above_trend
"""0107000""","""Birmingham""","""Birmingham-Hoover, AL""",213.52,216278.57,91157.64,93464.36,45.0,52.0,42.0,22.0,28.0,20.0,23.0,24.0,21.0,7.26,17.32,1.58,1.0,2.0,19635.0,17437.0,20214.0,1.0,1.0,1.0,11162.0,9578.0,11526.0,8581.0,7284.0,8870.0,2571.0,2284.0,2647.0,10.0,10.0,9.0,13.0,14.0,13.0,5.0,8.0,3.55,0.98,14918.0,61.0,28118.0,87.0,11.0,134.0,1195,917.0,893.0,734.0,49.0,51.0,0
"""0137000""","""Huntsville""","""Huntsville, AL""",126.2,184263.9,77188.36,136319.15,45.0,53.0,47.0,22.0,28.0,23.0,22.0,25.0,23.0,8.5,12.03,1.78,2.0,2.0,21381.0,19028.0,21823.0,1.0,1.0,1.0,12481.0,11187.0,12632.0,9673.0,8687.0,9766.0,2800.0,2492.0,2858.0,8.0,8.0,9.0,11.0,11.0,12.0,3.6,4.0,3.73,0.57,10076.0,67.0,16129.0,88.0,15.0,87.0,1387,1043.0,1049.0,790.0,59.0,41.0,0
"""0150000""","""Mobile""","""Mobile, AL""",157.6,201383.83,78583.44,89182.34,54.0,63.0,45.0,28.0,35.0,23.0,26.0,28.0,23.0,8.04,14.17,1.63,1.0,2.0,20193.0,18072.0,20931.0,2.0,2.0,2.0,11518.0,9838.0,12125.0,8851.0,7444.0,9364.0,2644.0,2367.0,2741.0,23.0,26.0,21.0,29.0,32.0,26.0,4.8,6.4,4.31,0.88,12429.0,69.0,17094.0,87.0,11.0,154.0,1170,1025.0,1128.0,763.0,57.0,43.0,0
"""0151000""","""Montgomery""","""Montgomery, AL""",170.56,196459.59,77421.65,102186.2,51.0,59.0,45.0,26.0,32.0,22.0,25.0,27.0,23.0,8.45,14.81,1.64,1.0,2.0,21166.0,19111.0,21879.0,1.0,2.0,1.0,11732.0,10022.0,12266.0,8947.0,7501.0,9388.0,2772.0,2503.0,2865.0,13.0,18.0,12.0,15.0,19.0,14.0,3.8,6.8,2.16,0.76,11265.0,70.0,15300.0,87.0,29.0,58.0,2099,1004.0,990.0,724.0,56.0,44.0,0
"""0203000""","""Anchorage""","""Anchorage, AK""",214.0,299107.0,105175.0,1092289.65,45.0,54.0,61.0,27.0,33.0,38.0,19.0,21.0,23.0,9.24,26.14,1.86,2.0,2.0,22213.0,19660.0,20723.0,4.0,3.0,4.0,14302.0,12720.0,12627.0,10620.0,9469.0,9192.0,3563.0,3154.0,3323.0,118.0,98.0,112.0,69.0,57.0,65.0,1.5,6.8,0.95,0.1,12194.0,49.0,22502.0,87.0,96.0,7.0,7731,1702.0,1648.0,1173.0,60.0,40.0,0
"""0412000""","""Chandler""","""Phoenix-Mesa-Scottsdale, AZ""",145.58,246588.75,87608.9,41453.51,56.0,67.0,56.0,32.0,40.0,32.0,24.0,27.0,24.0,8.96,26.37,1.78,2.0,2.0,20488.0,18115.0,20314.0,3.0,3.0,3.0,12991.0,11575.0,12913.0,9695.0,8659.0,9645.0,3285.0,2905.0,3257.0,11.0,11.0,10.0,12.0,12.0,12.0,5.1,4.6,6.4,2.11,24977.0,71.0,29121.0,90.0,12.0,161.0,1187,1421.0,1409.0,1156.0,62.0,38.0,1
"""0427400""","""Gilbert""","""Phoenix-Mesa-Scottsdale, AZ""",111.5,225567.19,71945.15,43515.36,60.0,72.0,60.0,35.0,43.0,35.0,26.0,29.0,26.0,10.02,24.04,1.91,2.0,2.0,21942.0,19445.0,21754.0,2.0,2.0,2.0,13899.0,12459.0,13817.0,10374.0,9334.0,10322.0,3519.0,3118.0,3488.0,7.0,7.0,7.0,8.0,8.0,7.0,3.8,2.7,3.72,1.65,22628.0,86.0,20678.0,90.0,14.0,137.0,1187,1551.0,1583.0,1301.0,72.0,28.0,1
"""0427820""","""Glendale""","""Phoenix-Mesa-Scottsdale, AZ""",160.56,233728.94,78563.3,37917.9,49.0,57.0,48.0,25.0,32.0,25.0,23.0,26.0,23.0,8.06,28.4,1.74,2.0,2.0,19235.0,17015.0,19082.0,5.0,5.0,5.0,12548.0,11116.0,12463.0,9446.0,8370.0,9386.0,3084.0,2728.0,3060.0,17.0,18.0,17.0,19.0,20.0,19.0,5.5,4.5,13.27,2.07,31707.0,63.0,29645.0,91.0,10.0,158.0,1112,1135.0,1094.0,934.0,56.0,44.0,0
"""0446000""","""Mesa""","""Phoenix-Mesa-Scottsdale, AZ""",281.83,456756.78,168755.62,88233.77,49.0,58.0,48.0,26.0,32.0,26.0,23.0,26.0,23.0,7.72,25.43,1.71,2.0,2.0,19447.0,17036.0,19261.0,6.0,5.0,5.0,12451.0,11044.0,12370.0,9313.0,8293.0,9262.0,3118.0,2732.0,3089.0,20.0,19.0,19.0,22.0,22.0,22.0,5.1,5.0,4.99,1.91,27702.0,55.0,27295.0,90.0,10.0,154.0,1259,1157.0,1127.0,982.0,60.0,40.0,0
"""0454050""","""Peoria""","""Phoenix-Mesa-Scottsdale, AZ,Prescott, AZ""",102.31,160598.75,57215.54,112348.67,56.0,66.0,55.0,30.0,38.0,30.0,25.0,28.0,25.0,9.02,22.84,1.85,2.0,2.0,21677.0,19086.0,21475.0,2.0,2.0,2.0,13577.0,12181.0,13503.0,10093.0,9112.0,10051.0,3476.0,3061.0,3444.0,9.0,8.0,9.0,10.0,9.0,10.0,1.5,3.8,2.09,0.51,24060.0,76.0,18722.0,89.0,18.0,42.0,2536,1364.0,1346.0,1071.0,71.0,29.0,1
"""0455000""","""Phoenix""","""Phoenix-Mesa-Scottsdale, AZ""",952.66,1496756.34,521461.44,331189.03,49.0,58.0,49.0,27.0,34.0,27.0,23.0,25.0,22.0,7.86,28.31,1.67,1.0,2.0,18915.0,16803.0,18768.0,5.0,5.0,5.0,12142.0,10738.0,12060.0,9090.0,8025.0,9033.0,3033.0,2695.0,3010.0,18.0,19.0,18.0,21.0,21.0,20.0,4.6,6.3,5.96,1.57,28974.0,62.0,47018.0,91.0,14.0,112.0,1553,1201.0,1172.0,993.0,53.0,47.0,0
"""0465000""","""Scottsdale""","""Phoenix-Mesa-Scottsdale, AZ""",162.98,223844.46,100851.97,117711.95,63.0,76.0,63.0,40.0,50.0,40.0,23.0,26.0,23.0,7.59,22.46,1.71,2.0,2.0,20349.0,17832.0,20138.0,4.0,4.0,4.0,12600.0,11176.0,12511.0,9323.0,8303.0,9268.0,3263.0,2859.0,3229.0,14.0,13.0,14.0,16.0,15.0,16.0,2.0,7.0,2.09,0.86,21375.0,56.0,35742.0,90.0,24.0,68.0,2254,1795.0,1858.0,1135.0,66.0,34.0,0
"""0473000""","""Tempe""","""Phoenix-Mesa-Scottsdale, AZ""",109.51,169037.91,64451.53,25593.38,48.0,57.0,48.0,27.0,34.0,27.0,21.0,23.0,21.0,7.07,30.54,1.58,1.0,2.0,17178.0,15179.0,17044.0,8.0,8.0,8.0,11398.0,10053.0,11325.0,8614.0,7590.0,8563.0,2755.0,2434.0,2733.0,30.0,29.0,29.0,33.0,32.0,32.0,6.5,5.9,7.1,2.52,31753.0,45.0,63393.0,93.0,10.0,164.0,1025,1210.0,1079.0,1029.0,42.0,58.0,0
"""0477000""","""Tucson""","""Tucson, AZ""",370.09,524325.02,204664.62,147721.26,49.0,57.0,44.0,25.0,31.0,22.0,24.0,26.0,22.0,7.39,24.59,1.53,1.0,2.0,17919.0,15936.0,18952.0,5.0,5.0,5.0,11250.0,9578.0,11974.0,8312.0,6956.0,8871.0,2874.0,2556.0,3039.0,65.0,66.0,63.0,101.0,102.0,98.0,4.2,6.5,3.26,1.39,21994.0,53.0,25523.0,89.0,17.0,86.0,1893,969.0,969.0,804.0,49.0,51.0,0
"""0541000""","""Little Rock""","""Little Rock-North Little Rock-Conway, AR""",147.77,189765.02,77256.31,76191.73,51.0,59.0,47.0,27.0,34.0,25.0,24.0,25.0,22.0,8.35,16.04,1.65,1.0,2.0,20768.0,18705.0,20951.0,1.0,2.0,1.0,11700.0,9954.0,11890.0,8961.0,7481.0,9128.0,2719.0,2450.0,2743.0,19.0,23.0,19.0,24.0,29.0,24.0,4.6,7.4,2.93,1.01,12479.0,64.0,25484.0,88.0,18.0,109.0,1408,1108.0,1185.0,748.0,57.0,43.0,0
"""0602000""","""Anaheim""","""Los Angeles-Long Beach-Anaheim, CA""",186.14,342414.38,97923.0,32004.32,58.0,69.0,63.0,36.0,45.0,40.0,23.0,24.0,23.0,8.14,42.88,1.77,2.0,2.0,18634.0,16428.0,17284.0,5.0,5.0,5.0,13849.0,11832.0,12441.0,10115.0,8522.0,8967.0,3575.0,3150.0,3314.0,159.0,160.0,159.0,121.0,122.0,121.0,6.3,4.9,6.0,3.06,45003.0,45.0,70298.0,94.0,11.0,179.0,1326,1801.0,1712.0,1477.0,48.0,52.0,0
"""0603526""","""Bakersfield""","""Bakersfield, CA""",182.49,351405.69,109216.77,95156.75,62.0,72.0,56.0,32.0,40.0,29.0,30.0,32.0,27.0,9.16,25.24,1.92,2.0,2.0,21888.0,19534.0,21083.0,2.0,2.0,2.0,14672.0,12675.0,14325.0,10435.0,8887.0,10248.0,4197.0,3747.0,4043.0,39.0,40.0,34.0,47.0,48.0,40.0,3.7,0.3,3.06,1.15,17737.0,70.0,20753.0,92.0,16.0,80.0,1686,1304.0,1283.0,1078.0,55.0,45.0,1
"""0613392""","""Chula Vista""","""San Diego-Carlsbad, CA""",105.14,249543.67,75879.76,31767.42,56.0,67.0,65.0,35.0,43.0,41.0,22.0,24.0,24.0,8.59,34.08,1.76,2.0,2.0,19782.0,17316.0,18769.0,8.0,8.0,8.0,14131.0,12120.0,12927.0,10061.0,8543.0,9061.0,3795.0,3320.0,3599.0,275.0,257.0,266.0,253.0,236.0,245.0,5.1,5.8,5.97,2.39,27986.0,53.0,23967.0,89.0,16.0,111.0,1291,1853.0,1841.0,1577.0,57.0,43.0,0
"""0616350""","""Corona""","""Riverside-San Bernardino-Ontario, CA""",75.46,156635.11,47029.69,24855.86,68.0,82.0,68.0,41.0,51.0,42.0,27.0,30.0,26.0,9.77,34.07,1.92,2.0,2.0,22416.0,19816.0,20888.0,2.0,2.0,2.0,14810.0,13259.0,14028.0,10458.0,9409.0,9976.0,4299.0,3800.0,4006.0,53.0,50.0,47.0,37.0,35.0,33.0,4.1,2.7,4.7,1.89,23844.0,69.0,29887.0,92.0,16.0,112.0,1550,1890.0,1909.0,1549.0,65.0,35.0,1
"""0622020""","""Elk Grove""","""Sacramento--Roseville--Arden-Arcade, CA""",76.45,154582.92,47023.5,27000.96,62.0,73.0,67.0,37.0,46.0,41.0,25.0,27.0,27.0,9.82,31.83,1.9,2.0,2.0,21500.0,19342.0,21436.0,2.0,2.0,2.0,15009.0,12907.0,14337.0,10842.0,9149.0,10184.0,4125.0,3709.0,4111.0,43.0,48.0,42.0,36.0,41.0,35.0,3.0,2.8,3.19,1.74,19811.0,86.0,14842.0,89.0,18.0,97.0,2085,1830.0,1948.0,1451.0,71.0,29.0,1
"""0624680""","""Fontana""","""Riverside-San Bernardino-Ontario, CA""",92.59,202622.28,49561.47,27565.12,63.0,74.0,62.0,36.0,45.0,37.0,27.0,30.0,26.0,10.06,31.03,1.94,2.0,2.0,22149.0,20238.0,21133.0,2.0,2.0,2.0,14844.0,13130.0,13868.0,10540.0,9186.0,9759.0,4247.0,3881.0,4053.0,56.0,63.0,57.0,34.0,38.0,34.0,4.0,4.1,3.08,1.8,22144.0,78.0,23918.0,90.0,20.0,110.0,1401,1646.0,1607.0,1272.0,64.0,36.0,1
"""0626000""","""Fremont""","""San Francisco-Oakland-Hayward, CA""",119.25,225811.6,72843.0,49577.68,52.0,62.0,76.0,34.0,43.0,52.0,18.0,20.0,25.0,8.38,40.89,1.86,2.0,2.0,19770.0,17583.0,19071.0,6.0,5.0,6.0,14599.0,12925.0,13259.0,10596.0,9356.0,9395.0,3793.0,3373.0,3657.0,210.0,196.0,208.0,85.0,80.0,84.0,4.5,3.9,8.47,1.47,30491.0,59.0,35987.0,92.0,12.0,105.0,1585,2329.0,2373.0,1775.0,62.0,38.0,0
"""0627000""","""Fresno""","""Fresno, CA""",281.09,480526.98,153236.02,72691.46,61.0,71.0,51.0,31.0,39.0,26.0,30.0,32.0,25.0,7.99,27.02,1.73,2.0,2.0,20073.0,17889.0,19526.0,4.0,4.0,4.0,13362.0,11487.0,13241.0,9426.0,7963.0,9416.0,3849.0,3432.0,3744.0,87.0,92.0,80.0,111.0,117.0,102.0,5.7,2.8,4.16,2.11,22576.0,62.0,27262.0,91.0,12.0,136.0,1211,1184.0,1145.0,1010.0,46.0,54.0,0
"""0629000""","""Garden Grove""","""Los Angeles-Long Beach-Anaheim, CA""",90.32,179862.1,48679.8,11492.57,57.0,67.0,62.0,34.0,43.0,39.0,23.0,25.0,23.0,8.34,41.69,1.82,2.0,2.0,18628.0,16542.0,17349.0,5.0,6.0,5.0,14114.0,12027.0,12654.0,10378.0,8682.0,9160.0,3574.0,3172.0,3327.0,162.0,173.0,168.0,124.0,131.0,128.0,6.9,5.1,6.75,4.24,50790.0,55.0,68292.0,94.0,8.0,243.0,841,1733.0,1786.0,1407.0,55.0,45.0,0
"""0630000""","""Glendale""","""Los Angeles-Long Beach-Anaheim, CA""",135.0,196984.0,71498.0,19483.92,55.0,65.0,60.0,35.0,43.0,39.0,21.0,22.0,21.0,6.05,53.87,1.62,1.0,2.0,15482.0,13485.0,14256.0,14.0,14.0,14.0,12483.0,10652.0,11207.0,9222.0,7782.0,8188.0,2970.0,2586.0,2734.0,291.0,284.0,286.0,344.0,336.0,338.0,4.9,6.0,6.43,3.67,62066.0,35.0,93819.0,94.0,11.0,158.0,1419,1759.0,1758.0,1297.0,35.0,65.0,0
"""0636000""","""Huntington Beach""","""Los Angeles-Long Beach-Anaheim, CA""",131.94,196031.93,73651.75,17334.79,66.0,79.0,72.0,43.0,54.0,48.0,24.0,25.0,24.0,7.78,43.92,1.84,2.0,2.0,19724.0,17337.0,18267.0,5.0,5.0,5.0,14432.0,12320.0,12958.0,10502.0,8850.0,9310.0,3784.0,3324.0,3503.0,146.0,146.0,145.0,112.0,111.0,110.0,6.1,3.8,7.99,4.25,39518.0,50.0,46060.0,93.0,7.0,264.0,895,2166.0,2154.0,1669.0,58.0,42.0,0
"""0636770""","""Irvine""","""Los Angeles-Long Beach-Anaheim, CA""",117.76,227833.45,82269.28,41994.49,69.0,82.0,75.0,47.0,58.0,52.0,23.0,24.0,23.0,7.63,37.8,1.76,2.0,2.0,19494.0,17099.0,18032.0,4.0,4.0,4.0,13913.0,11887.0,12502.0,10036.0,8477.0,8912.0,3740.0,3279.0,3458.0,138.0,132.0,133.0,105.0,100.0,101.0,6.5,5.0,9.18,1.96,36104.0,38.0,62972.0,93.0,13.0,114.0,1288,2354.0,2289.0,1920.0,50.0,50.0,0
"""0640130""","""Lancaster""","""Los Angeles-Long Beach-Anaheim, CA""",72.66,156101.32,47144.57,60270.68,52.0,61.0,56.0,26.0,33.0,30.0,25.0,28.0,26.0,9.15,22.1,1.91,2.0,2.0,23316.0,20767.0,21763.0,1.0,1.0,1.0,15379.0,13415.0,13997.0,10877.0,9408.0,9797.0,4473.0,3982.0,4173.0,30.0,25.0,26.0,35.0,29.0,31.0,3.3,3.2,2.85,0.78,15158.0,70.0,13617.0,88.0,16.0,71.0,1686,1338.0,1370.0,1185.0,55.0,45.0,1
"""0643000""","""Long Beach""","""Los Angeles-Long Beach-Anaheim, CA""",334.01,471338.64,164731.85,32201.95,50.0,59.0,54.0,31.0,38.0,34.0,19.0,21.0,20.0,5.59,51.49,1.49,1.0,1.0,14767.0,12711.0,13506.0,23.0,21.0,22.0,11827.0,10141.0,10655.0,8518.0,7255.0,7608.0,2833.0,2437.0,2590.0,477.0,448.0,457.0,564.0,531.0,541.0,6.9,5.9,8.93,5.12,58278.0,42.0,65084.0,93.0,6.0,227.0,1010,1544.0,1644.0,1181.0,40.0,60.0,0
"""0644000""","""Los Angeles""","""Los Angeles-Long Beach-Anaheim, CA""",2504.98,3895905.69,1341062.29,299952.52,54.0,64.0,59.0,34.0,43.0,39.0,20.0,22.0,21.0,5.75,51.71,1.58,1.0,1.0,14707.0,12797.0,13532.0,17.0,17.0,17.0,12343.0,10544.0,11089.0,9049.0,7639.0,8036.0,2931.0,2550.0,2696.0,363.0,355.0,357.0,429.0,420.0,422.0,6.1,5.6,7.62,4.47,74443.0,39.0,107282.0,95.0,10.0,162.0,1435,1731.0,1889.0,1333.0,37.0,63.0,0
"""0648354""","""Modesto""","""Modesto, CA""",121.08,196282.85,67043.17,28603.41,58.0,68.0,53.0,30.0,38.0,28.0,27.0,30.0,25.0,8.05,30.22,1.79,2.0,2.0,20271.0,18133.0,19779.0,4.0,4.0,4.0,13716.0,12197.0,13455.0,9735.0,8624.0,9576.0,3887.0,3477.0,3793.0,93.0,96.0,86.0,108.0,111.0,99.0,5.3,2.4,4.02,2.34,20912.0,69.0,23202.0,91.0,11.0,143.0,1925,1268.0,1332.0,1051.0,52.0,48.0,0
"""0649270""","""Moreno Valley""","""Riverside-San Bernardino-Ontario, CA""",78.42,182526.83,46865.61,32817.14,58.0,69.0,58.0,31.0,39.0,32.0,27.0,30.0,26.0,9.96,29.21,1.9,2.0,2.0,22289.0,19917.0,20937.0,3.0,4.0,3.0,14676.0,13105.0,13879.0,10321.0,9202.0,9786.0,4274.0,3819.0,4015.0,81.0,83.0,77.0,57.0,58.0,54.0,3.5,3.9,3.1,1.43,20185.0,77.0,16738.0,89.0,20.0,82.0,1733,1435.0,1377.0,1365.0,59.0,41.0,1
"""0653000""","""Oakland""","""San Francisco-Oakland-Hayward, CA""",335.99,408057.69,158419.44,35771.5,39.0,47.0,57.0,24.0,31.0,37.0,15.0,17.0,21.0,5.59,52.6,1.54,1.0,1.0,14648.0,12788.0,14011.0,19.0,18.0,19.0,12273.0,10860.0,11056.0,8768.0,7738.0,7672.0,2810.0,2453.0,2687.0,695.0,669.0,696.0,282.0,272.0,283.0,6.6,7.3,11.82,4.43,56343.0,43.0,73756.0,92.0,5.0,253.0,1005,1660.0,1816.0,1177.0,40.0,60.0,0
"""0653322""","""Oceanside""","""San Diego-Carlsbad, CA""",97.57,171329.33,59990.23,26401.28,56.0,66.0,64.0,33.0,41.0,39.0,23.0,25.0,25.0,8.46,31.48,1.87,2.0,2.0,20863.0,18413.0,19850.0,6.0,5.0,5.0,14849.0,12782.0,13604.0,10659.0,9076.0,9617.0,4002.0,3531.0,3806.0,187.0,175.0,181.0,172.0,161.0,166.0,4.9,1.7,4.68,2.27,20919.0,54.0,17352.0,90.0,15.0,134.0,1382,1756.0,1706.0,1520.0,56.0,44.0,0
"""0653896""","""Ontario""","""Riverside-San Bernardino-Ontario, CA""",91.21,173514.89,48922.4,31958.38,59.0,70.0,59.0,33.0,41.0,34.0,26.0,29.0,25.0,9.23,35.49,1.87,2.0,2.0,21099.0,18953.0,19916.0,2.0,2.0,2.0,14312.0,12683.0,13433.0,10197.0,8972.0,9545.0,4046.0,3634.0,3819.0,69.0,77.0,68.0,41.0,46.0,41.0,5.8,3.1,5.41,1.53,27058.0,59.0,35811.0,92.0,17.0,86.0,1476,1523.0,1587.0,1258.0,54.0,46.0,1
"""0654652""","""Oxnard""","""Oxnard-Thousand Oaks-Ventura, CA""",75.13,189315.84,47173.37,17216.0,48.0,57.0,65.0,27.0,34.0,39.0,21.0,23.0,26.0,9.81,45.84,2.06,2.0,2.0,21843.0,19382.0,19862.0,3.0,3.0,3.0,16006.0,14308.0,13950.0,11749.0,10533.0,10081.0,4190.0,3718.0,3809.0,67.0,57.0,61.0,54.0,46.0,49.0,6.2,0.0,7.32,2.74,21199.0,58.0,24369.0,94.0,7.0,186.0,1060,1760.0,1822.0,1472.0,54.0,46.0,1
"""0655156""","""Palmdale""","""Los Angeles-Long Beach-Anaheim, CA""",59.44,152675.8,41646.82,67719.66,56.0,66.0,60.0,29.0,36.0,33.0,27.0,29.0,27.0,10.36,24.23,2.0,2.0,2.0,24501.0,21896.0,22914.0,1.0,1.0,1.0,16157.0,14137.0,14730.0,11441.0,9927.0,10323.0,4700.0,4199.0,4394.0,16.0,12.0,13.0,19.0,14.0,16.0,3.4,1.4,2.04,0.61,13902.0,80.0,10049.0,88.0,23.0,50.0,1907,1476.0,1445.0,1306.0,63.0,37.0,1
"""0658072""","""Pomona""","""Los Angeles-Long Beach-Anaheim, CA""",79.7,151172.28,38985.2,14689.21,53.0,62.0,57.0,29.0,36.0,33.0,24.0,26.0,24.0,8.78,32.43,1.85,2.0,2.0,20461.0,18325.0,19152.0,4.0,5.0,4.0,14563.0,12474.0,13101.0,10544.0,8865.0,9335.0,3925.0,3514.0,3673.0,94.0,95.0,94.0,111.0,113.0,111.0,5.9,4.1,4.78,2.65,27680.0,62.0,32766.0,92.0,12.0,161.0,1046,1477.0,1539.0,1194.0,52.0,48.0,0
"""0659451""","""Rancho Cucamonga""","""Riverside-San Bernardino-Ontario, CA""",61.25,169993.41,54692.81,25512.85,68.0,81.0,68.0,42.0,53.0,43.0,26.0,29.0,25.0,9.26,30.26,1.9,2.0,2.0,21503.0,19377.0,20322.0,2.0,2.0,2.0,14534.0,12860.0,13592.0,10353.0,9082.0,9639.0,4123.0,3716.0,3897.0,57.0,63.0,55.0,35.0,38.0,33.0,4.8,4.0,4.36,2.14,26722.0,63.0,33870.0,92.0,17.0,121.0,1325,1934.0,2000.0,1548.0,62.0,38.0,1
"""0662000""","""Riverside""","""Riverside-San Bernardino-Ontario, CA""",187.95,314434.04,90640.24,51960.72,59.0,70.0,59.0,33.0,42.0,34.0,26.0,29.0,25.0,8.9,25.95,1.86,2.0,2.0,21228.0,18915.0,19918.0,4.0,4.0,3.0,14262.0,12693.0,13456.0,10106.0,8979.0,9556.0,4071.0,3627.0,3819.0,85.0,87.0,80.0,60.0,61.0,56.0,4.7,3.7,3.54,1.74,23733.0,66.0,32118.0,92.0,17.0,112.0,1401,1533.0,1533.0,1204.0,55.0,45.0,0
"""0664000""","""Sacramento""","""Sacramento--Roseville--Arden-Arcade, CA""",321.28,473353.1,176003.0,62671.39,48.0,56.0,52.0,27.0,33.0,30.0,21.0,23.0,23.0,7.25,31.82,1.61,1.0,2.0,17962.0,15940.0,17919.0,7.0,7.0,7.0,12813.0,10962.0,12254.0,9215.0,7754.0,8669.0,3446.0,3057.0,3436.0,151.0,151.0,148.0,127.0,127.0,125.0,6.5,6.9,6.71,2.81,28916.0,60.0,48365.0,90.0,9.0,173.0,1089,1330.0,1377.0,1089.0,47.0,53.0,0
"""0665000""","""San Bernardino""","""Riverside-San Bernardino-Ontario, CA""",143.58,224020.79,59832.5,39368.13,49.0,58.0,49.0,25.0,31.0,25.0,25.0,27.0,24.0,7.86,23.61,1.75,2.0,2.0,19981.0,18047.0,18956.0,5.0,5.0,5.0,13501.0,11935.0,12681.0,9509.0,8309.0,8894.0,3832.0,3461.0,3635.0,161.0,166.0,153.0,97.0,100.0,92.0,4.8,6.5,3.3,1.52,22449.0,62.0,26023.0,89.0,13.0,106.0,1443,1142.0,1054.0,990.0,48.0,52.0,0
"""0666000""","""San Diego""","""San Diego-Carlsbad, CA""",828.7,1360646.25,485175.8,208117.4,55.0,66.0,64.0,35.0,43.0,41.0,21.0,22.0,23.0,7.42,44.11,1.69,2.0,2.0,18247.0,15920.0,17280.0,10.0,10.0,10.0,13479.0,11576.0,12327.0,9640.0,8203.0,8684.0,3500.0,3053.0,3314.0,338.0,320.0,330.0,311.0,294.0,303.0,5.3,5.6,5.79,2.33,35816.0,46.0,47481.0,92.0,15.0,118.0,1551,1859.0,1900.0,1488.0,47.0,53.0,0
"""0667000""","""San Francisco""","""San Francisco-Oakland-Hayward, CA""",580.0,840763.0,353287.0,30012.33,41.0,50.0,61.0,30.0,37.0,45.0,12.0,13.0,16.0,3.91,68.07,1.13,1.0,1.0,10301.0,8305.0,9677.0,38.0,36.0,38.0,9501.0,8417.0,8458.0,6441.0,5801.0,5522.0,1958.0,1579.0,1839.0,1103.0,1037.0,1097.0,803.0,755.0,799.0,8.8,8.5,19.63,11.77,96619.0,20.0,198588.0,94.0,4.0,389.0,847,2036.0,2121.0,1600.0,36.0,64.0,0
"""0668000""","""San Jose""","""San Jose-Sunnyvale-Santa Clara, CA""",539.5,973113.15,305519.3,112998.38,44.0,53.0,74.0,28.0,35.0,50.0,16.0,18.0,24.0,8.36,45.01,1.96,2.0,2.0,20018.0,18148.0,18467.0,6.0,6.0,6.0,15265.0,13496.0,13020.0,11200.0,9803.0,9270.0,3840.0,3482.0,3541.0,225.0,211.0,210.0,154.0,144.0,144.0,5.0,3.1,6.14,2.7,39332.0,55.0,49252.0,93.0,11.0,134.0,1621,2240.0,2412.0,1657.0,57.0,43.0,0
"""0669000""","""Santa Ana""","""Los Angeles-Long Beach-Anaheim, CA""",155.06,332984.91,75020.61,17373.3,53.0,62.0,57.0,31.0,39.0,35.0,22.0,23.0,22.0,8.21,50.74,1.7,1.0,2.0,17266.0,15329.0,16075.0,6.0,6.0,6.0,13207.0,11211.0,11816.0,9701.0,8073.0,8538.0,3312.0,2940.0,3083.0,194.0,198.0,195.0,148.0,151.0,149.0,7.7,7.0,11.53,4.32,50087.0,46.0,98488.0,94.0,6.0,258.0,768,1588.0,1516.0,1388.0,45.0,55.0,0
"""0669088""","""Santa Clarita""","""Los Angeles-Long Beach-Anaheim, CA""",95.8,171289.12,56247.64,33749.2,68.0,80.0,73.0,42.0,53.0,48.0,25.0,27.0,26.0,9.29,31.4,1.94,2.0,2.0,22212.0,19615.0,20631.0,4.0,4.0,4.0,15441.0,13283.0,13930.0,11091.0,9443.0,9892.0,4261.0,3761.0,3956.0,89.0,79.0,82.0,105.0,94.0,97.0,4.1,2.2,10.2,1.67,20493.0,59.0,21691.0,91.0,17.0,122.0,1411,2138.0,2270.0,1531.0,67.0,33.0,0
"""0670098""","""Santa Rosa""","""Santa Rosa, CA""",113.37,154691.4,57463.81,26419.8,53.0,63.0,62.0,31.0,39.0,37.0,22.0,24.0,25.0,8.31,30.19,1.78,2.0,2.0,20205.0,17983.0,20120.0,3.0,3.0,3.0,14105.0,12121.0,13399.0,10182.0,8627.0,9493.0,3876.0,3448.0,3858.0,47.0,46.0,47.0,33.0,32.0,33.0,5.1,2.9,4.21,2.18,18864.0,59.0,21055.0,90.0,12.0,143.0,1265,1683.0,1608.0,1375.0,52.0,48.0,1
"""0675000""","""Stockton""","""Stockton-Lodi, CA""",165.12,280975.85,87518.83,39888.07,54.0,64.0,52.0,28.0,35.0,28.0,26.0,29.0,25.0,8.13,29.15,1.79,2.0,2.0,20590.0,18354.0,19754.0,3.0,4.0,3.0,13750.0,12257.0,13298.0,9727.0,8660.0,9441.0,3948.0,3520.0,3788.0,75.0,78.0,69.0,53.0,56.0,49.0,5.3,3.2,4.66,2.19,21066.0,65.0,22159.0,90.0,11.0,127.0,1621,1237.0,1245.0,1071.0,48.0,52.0,1
"""0804000""","""Aurora""","""Denver-Aurora-Lakewood, CO""",226.17,339566.1,121668.16,98236.9,42.0,50.0,50.0,23.0,29.0,28.0,19.0,20.0,22.0,7.85,31.65,1.7,2.0,2.0,18648.0,16384.0,18306.0,9.0,8.0,9.0,12504.0,10660.0,11667.0,9722.0,8205.0,8931.0,2628.0,2308.0,2579.0,154.0,148.0,157.0,131.0,125.0,133.0,4.6,5.8,3.96,1.24,31566.0,51.0,32684.0,90.0,12.0,76.0,2059,1279.0,1197.0,1022.0,57.0,43.0,0
"""0816000""","""Colorado Springs""","""Colorado Springs, CO""",263.04,438728.01,173033.6,124944.21,47.0,56.0,51.0,26.0,32.0,28.0,21.0,23.0,22.0,8.15,24.26,1.72,2.0,2.0,19931.0,17591.0,19840.0,4.0,4.0,4.0,12245.0,10902.0,12106.0,9365.0,8355.0,9238.0,2808.0,2478.0,2795.0,72.0,68.0,73.0,64.0,61.0,65.0,4.7,5.9,4.67,1.38,19832.0,61.0,20945.0,88.0,11.0,141.0,1317,1263.0,1345.0,1027.0,58.0,42.0,0
"""0820000""","""Denver""","""Denver-Aurora-Lakewood, CO""",481.0,649654.0,275795.0,98134.46,42.0,49.0,50.0,24.0,30.0,29.0,18.0,19.0,20.0,6.48,40.75,1.6,1.0,2.0,16526.0,14552.0,16180.0,11.0,11.0,12.0,11755.0,9996.0,10955.0,9140.0,7670.0,8382.0,2319.0,2041.0,2270.0,296.0,285.0,303.0,250.0,241.0,256.0,6.5,6.3,8.64,2.81,44581.0,47.0,80223.0,93.0,8.0,144.0,1464,1324.0,1417.0,1017.0,49.0,51.0,0
"""1150000""","""Washington""","""Washington-Arlington-Alexandria, DC-VA-MD-WV""",450.0,647484.0,273390.0,39132.81,33.0,39.0,54.0,23.0,29.0,40.0,9.0,10.0,13.0,4.2,60.2,1.2,1.0,1.0,12329.0,10239.0,11123.0,32.0,30.0,32.0,8700.0,7540.0,7237.0,6837.0,5988.0,5552.0,1821.0,1512.0,1642.0,42.0,39.0,42.0,23.0,22.0,23.0,8.3,9.8,16.65,6.99,76913.0,12.0,183411.0,91.0,6.0,237.0,818,1803.0,1982.0,1404.0,41.0,59.0,0
"""1210275""","""Cape Coral""","""Cape Coral-Fort Myers, FL""",114.02,164806.18,59220.76,67563.23,59.0,69.0,54.0,32.0,40.0,29.0,26.0,28.0,25.0,9.13,13.44,1.81,2.0,2.0,21279.0,18958.0,22412.0,1.0,2.0,1.0,12829.0,11061.0,13516.0,9833.0,8387.0,10363.0,2977.0,2653.0,3136.0,19.0,21.0,17.0,20.0,22.0,18.0,4.3,1.2,1.66,0.88,11645.0,79.0,8004.0,87.0,10.0,105.0,1688,1309.0,1330.0,1034.0,69.0,31.0,0
"""1224000""","""Fort Lauderdale""","""Miami-Fort Lauderdale-West Palm Beach, FL""",122.66,175867.66,74054.69,22125.31,62.0,73.0,56.0,40.0,49.0,36.0,23.0,24.0,20.0,6.02,28.9,1.54,1.0,2.0,17780.0,15637.0,17263.0,8.0,8.0,8.0,11036.0,9278.0,10854.0,8403.0,6948.0,8297.0,2487.0,2188.0,2415.0,145.0,142.0,142.0,145.0,142.0,143.0,7.3,8.3,8.39,3.35,32892.0,40.0,48339.0,90.0,8.0,187.0,891,1608.0,1663.0,1122.0,52.0,48.0,0
"""1230000""","""Hialeah""","""Miami-Fort Lauderdale-West Palm Beach, FL""",115.57,234276.5,69089.54,13762.09,51.0,60.0,46.0,29.0,36.0,26.0,23.0,24.0,20.0,7.2,58.0,1.55,1.0,2.0,17136.0,15068.0,16646.0,9.0,9.0,9.0,11096.0,9352.0,10921.0,8452.0,6997.0,8346.0,2397.0,2109.0,2329.0,247.0,246.0,247.0,218.0,216.0,217.0,6.8,7.2,10.94,5.02,40133.0,41.0,47868.0,91.0,6.0,229.0,847,1174.0,1117.0,1015.0,48.0,52.0,0
"""1235000""","""Jacksonville""","""Jacksonville, FL""",463.99,849975.06,319885.14,478372.08,51.0,60.0,49.0,28.0,35.0,27.0,23.0,26.0,23.0,8.58,16.46,1.69,2.0,2.0,20751.0,18444.0,20853.0,3.0,3.0,3.0,12134.0,10798.0,12224.0,9179.0,8167.0,9254.0,2903.0,2580.0,2917.0,52.0,51.0,52.0,59.0,57.0,59.0,3.2,7.4,2.15,0.67,14196.0,62.0,21506.0,87.0,41.0,46.0,3303,1197.0,1233.0,934.0,59.0,41.0,0
"""1245000""","""Miami""","""Miami-Fort Lauderdale-West Palm Beach, FL""",306.07,424143.42,156893.77,23019.53,51.0,60.0,46.0,32.0,39.0,29.0,20.0,20.0,17.0,5.14,61.32,1.27,1.0,1.0,13716.0,11980.0,13303.0,19.0,18.0,18.0,9514.0,7987.0,9381.0,6900.0,5655.0,6838.0,2126.0,1857.0,2062.0,488.0,475.0,481.0,429.0,418.0,423.0,8.3,9.2,15.25,6.82,51254.0,27.0,93572.0,91.0,5.0,283.0,742,1280.0,1069.0,1081.0,31.0,69.0,0
"""1253000""","""Orlando""","""Orlando-Kissimmee-Sanford, FL""",112.71,250981.29,101901.88,65830.59,53.0,61.0,47.0,30.0,37.0,27.0,23.0,24.0,20.0,7.1,23.81,1.55,1.0,2.0,17787.0,15875.0,17333.0,7.0,7.0,7.0,11041.0,9342.0,10876.0,8428.0,7001.0,8331.0,2489.0,2222.0,2425.0,124.0,120.0,120.0,129.0,124.0,125.0,5.9,6.8,6.67,1.55,25362.0,38.0,50562.0,91.0,12.0,106.0,1299,1218.0,1355.0,1037.0,39.0,61.0,0
"""1255775""","""Pembroke Pines""","""Miami-Fort Lauderdale-West Palm Beach, FL""",66.72,157967.43,54835.89,21086.93,67.0,79.0,61.0,42.0,52.0,38.0,25.0,27.0,23.0,8.24,29.67,1.74,2.0,2.0,20375.0,17713.0,19727.0,5.0,4.0,5.0,12386.0,10524.0,12196.0,9451.0,7967.0,9352.0,2851.0,2479.0,2760.0,84.0,78.0,83.0,85.0,78.0,84.0,4.5,6.3,5.06,2.6,29089.0,50.0,27269.0,89.0,17.0,130.0,1486,1702.0,1617.0,1366.0,72.0,28.0,0
"""1258715""","""Port St. Lucie""","""Port St. Lucie, FL""",54.18,175018.14,60854.66,75987.59,63.0,74.0,55.0,35.0,44.0,30.0,27.0,30.0,25.0,9.5,12.48,1.78,2.0,2.0,21563.0,19130.0,23019.0,2.0,2.0,1.0,12729.0,10991.0,13595.0,9705.0,8307.0,10368.0,3017.0,2677.0,3220.0,7.0,7.0,7.0,7.0,8.0,7.0,3.2,3.5,1.54,0.8,10839.0,87.0,5783.0,85.0,15.0,86.0,1453,1353.0,1356.0,1011.0,78.0,22.0,1
"""1263000""","""St. Petersburg""","""Tampa-St. Petersburg-Clearwater, FL""",215.69,251817.98,105994.57,39537.3,56.0,65.0,50.0,32.0,40.0,28.0,24.0,25.0,22.0,7.38,26.12,1.57,1.0,2.0,18407.0,16440.0,19309.0,4.0,5.0,4.0,11206.0,9488.0,11847.0,8547.0,7098.0,9065.0,2575.0,2301.0,2701.0,84.0,89.0,81.0,91.0,97.0,88.0,6.3,6.3,6.23,2.68,23597.0,59.0,23869.0,89.0,7.0,192.0,994,1264.0,1276.0,887.0,58.0,42.0,0
"""1270600""","""Tallahassee""","""Tallahassee, FL""",116.61,177059.94,70547.24,64360.47,54.0,63.0,46.0,30.0,37.0,25.0,24.0,26.0,21.0,7.85,18.78,1.51,1.0,2.0,18964.0,17114.0,19658.0,3.0,3.0,3.0,10937.0,9317.0,11488.0,8211.0,6845.0,8665.0,2653.0,2395.0,2750.0,72.0,77.0,72.0,51.0,54.0,51.0,4.8,7.1,4.0,1.1,13796.0,44.0,25188.0,88.0,20.0,80.0,1622,1125.0,1074.0,887.0,39.0,61.0,0
"""1271000""","""Tampa""","""Tampa-St. Petersburg-Clearwater, FL""",332.33,354241.79,141418.05,72565.33,56.0,65.0,50.0,33.0,41.0,29.0,23.0,25.0,21.0,7.14,26.95,1.53,1.0,2.0,17610.0,15654.0,18513.0,5.0,5.0,5.0,10929.0,9302.0,11543.0,8337.0,6981.0,8827.0,2464.0,2191.0,2590.0,128.0,130.0,126.0,120.0,122.0,118.0,6.2,6.6,5.99,1.95,24834.0,55.0,43983.0,91.0,12.0,142.0,1234,1289.0,1208.0,981.0,49.0,51.0,0
"""1304000""","""Atlanta""","""Atlanta-Sandy Springs-Roswell, GA""",309.7,446277.39,185306.64,85189.18,48.0,58.0,51.0,29.0,37.0,31.0,19.0,21.0,20.0,6.14,25.84,1.5,1.0,1.0,17006.0,14945.0,16546.0,12.0,12.0,12.0,10922.0,9646.0,10629.0,8167.0,7194.0,7942.0,2357.0,2071.0,2293.0,398.0,381.0,394.0,365.0,349.0,361.0,6.4,8.5,6.35,2.18,32705.0,40.0,77741.0,91.0,15.0,121.0,1212,1396.0,1490.0,997.0,43.0,57.0,0
"""1304204""","""Augusta-Richmond County consolidated government (balance)""","""Augusta-Richmond County, GA-SC""",138.63,197648.43,70583.25,193581.27,51.0,60.0,45.0,25.0,31.0,21.0,27.0,29.0,24.0,8.59,11.06,1.74,2.0,2.0,21616.0,19293.0,21891.0,1.0,1.0,1.0,12491.0,10803.0,12805.0,9490.0,8123.0,9767.0,2995.0,2674.0,3033.0,5.0,6.0,5.0,6.0,7.0,6.0,5.0,3.2,2.23,0.36,9741.0,63.0,12483.0,87.0,31.0,45.0,2076,954.0,940.0,796.0,53.0,47.0,0
"""1319000""","""Columbus""","""Columbus, GA-AL""",125.0,200285.0,72760.0,138509.92,58.0,68.0,47.0,30.0,38.0,24.0,28.0,30.0,23.0,8.68,13.22,1.65,1.0,2.0,21102.0,19009.0,21654.0,1.0,2.0,1.0,11941.0,10273.0,12491.0,9001.0,7618.0,9476.0,2924.0,2635.0,3001.0,16.0,20.0,14.0,17.0,21.0,15.0,4.4,5.3,1.94,0.53,10324.0,67.0,12382.0,86.0,29.0,43.0,2258,1068.0,1093.0,855.0,50.0,50.0,0
"""1349008""","""Macon-Bibb County""","""Macon, GA""",125.94,154738.6,57073.13,159532.46,59.0,70.0,46.0,30.0,38.0,22.0,29.0,32.0,24.0,8.57,7.74,1.64,1.0,2.0,21382.0,19316.0,22369.0,1.0,2.0,1.0,11439.0,10250.0,12748.0,8454.0,7544.0,9632.0,2964.0,2678.0,3100.0,20.0,28.0,16.0,20.0,28.0,16.0,3.2,5.4,1.74,0.36,7238.0,67.0,9496.0,85.0,48.0,38.0,2550,1001.0,1109.0,696.0,53.0,47.0,0
"""1571550""","""Urban Honolulu""","""Urban Honolulu, HI""",236.88,347764.3,127194.33,38733.04,45.0,53.0,59.0,29.0,36.0,40.0,16.0,17.0,19.0,6.39,112.26,1.58,1.0,1.0,17284.0,14978.0,15196.0,15.0,14.0,15.0,12118.0,10267.0,10263.0,9023.0,7578.0,7522.0,2773.0,2402.0,2437.0,322.0,288.0,305.0,402.0,359.0,380.0,4.7,8.8,9.61,3.28,39971.0,28.0,79940.0,91.0,12.0,110.0,2148,1801.0,1749.0,1477.0,43.0,57.0,0
"""1608830""","""Boise City""","""Boise City, ID""",114.67,198723.01,81434.9,51536.69,50.0,59.0,47.0,26.0,32.0,24.0,24.0,27.0,23.0,8.34,23.64,1.7,2.0,2.0,20318.0,18079.0,20341.0,2.0,2.0,2.0,12262.0,10877.0,12336.0,9278.0,8219.0,9350.0,2961.0,2634.0,2964.0,23.0,24.0,23.0,33.0,34.0,32.0,4.2,6.0,3.48,1.58,17554.0,64.0,30510.0,90.0,13.0,118.0,1522,1093.0,1170.0,849.0,58.0,42.0,0
"""1703012""","""Aurora""","""Chicago-Naperville-Elgin, IL-IN-WI""",99.09,185261.98,56828.77,28733.99,50.0,58.0,55.0,29.0,36.0,33.0,21.0,23.0,23.0,9.43,30.54,1.78,2.0,2.0,20989.0,18457.0,20367.0,3.0,3.0,3.0,13226.0,11319.0,12297.0,10166.0,8625.0,9328.0,2972.0,2612.0,2883.0,87.0,82.0,86.0,30.0,28.0,30.0,5.2,6.7,5.46,1.98,20933.0,61.0,25196.0,89.0,12.0,99.0,1104,1474.0,1513.0,920.0,66.0,34.0,1
"""1714000""","""Chicago""","""Chicago-Naperville-Elgin, IL-IN-WI""",2178.65,2718573.87,1035327.63,145749.07,43.0,51.0,48.0,27.0,34.0,31.0,16.0,16.0,17.0,4.71,68.78,1.22,1.0,1.0,12556.0,10708.0,12077.0,30.0,29.0,30.0,9649.0,8148.0,8938.0,6951.0,5765.0,6318.0,1992.0,1698.0,1915.0,706.0,685.0,705.0,484.0,469.0,483.0,8.1,9.2,17.78,7.1,84824.0,26.0,127365.0,91.0,3.0,396.0,643,1408.0,1688.0,999.0,44.0,56.0,0
"""1825000""","""Fort Wayne""","""Fort Wayne, IN""",188.01,243585.86,96813.95,70786.5,45.0,52.0,42.0,21.0,26.0,19.0,25.0,27.0,23.0,8.48,18.64,1.72,2.0,2.0,21013.0,18696.0,21324.0,2.0,2.0,2.0,12385.0,10616.0,12609.0,9382.0,7939.0,9561.0,2974.0,2647.0,3018.0,30.0,30.0,30.0,34.0,35.0,35.0,4.2,5.9,2.9,1.37,14380.0,70.0,19218.0,88.0,17.0,99.0,1266,855.0,852.0,647.0,62.0,38.0,0
"""1836003""","""Indianapolis city (balance)""","""Indianapolis-Carmel-Anderson, IN""",576.71,837904.69,329121.89,231365.65,45.0,53.0,44.0,22.0,28.0,22.0,23.0,25.0,22.0,8.01,19.34,1.68,1.0,2.0,19828.0,17644.0,19836.0,3.0,3.0,3.0,11982.0,10652.0,11996.0,9134.0,8112.0,9145.0,2806.0,2497.0,2808.0,42.0,43.0,43.0,38.0,38.0,39.0,4.7,6.8,3.85,1.42,20483.0,60.0,34510.0,90.0,17.0,99.0,1393,982.0,1015.0,771.0,54.0,46.0,0
"""1921000""","""Des Moines""","""Des Moines-West Des Moines, IA""",177.62,207692.62,81746.79,56878.1,40.0,46.0,44.0,20.0,25.0,23.0,20.0,22.0,22.0,8.13,22.18,1.68,1.0,2.0,20256.0,18088.0,19936.0,3.0,3.0,4.0,12575.0,10700.0,11782.0,9605.0,8041.0,8852.0,2868.0,2560.0,2822.0,102.0,99.0,109.0,69.0,67.0,73.0,4.6,8.7,4.01,1.44,17001.0,67.0,30139.0,87.0,13.0,110.0,1336,1019.0,1119.0,752.0,61.0,39.0,0
"""2053775""","""Overland Park""","""Kansas City, MO-KS""",114.38,181075.93,74487.96,48061.14,53.0,63.0,56.0,31.0,39.0,33.0,21.0,24.0,23.0,8.68,21.74,1.72,2.0,2.0,20648.0,18179.0,20703.0,2.0,1.0,2.0,12308.0,10933.0,12249.0,9368.0,8344.0,9300.0,2922.0,2573.0,2930.0,18.0,17.0,19.0,14.0,13.0,15.0,3.7,7.5,3.02,1.55,19649.0,60.0,34489.0,89.0,20.0,96.0,1709,1504.0,1610.0,860.0,65.0,35.0,0
"""2079000""","""Wichita""","""Wichita, KS""",285.47,359983.8,141274.88,102196.45,48.0,57.0,46.0,23.0,29.0,22.0,25.0,28.0,24.0,8.54,20.75,1.78,2.0,2.0,21106.0,18824.0,21123.0,1.0,1.0,1.0,12694.0,11337.0,12739.0,9673.0,8638.0,9715.0,2987.0,2664.0,2990.0,33.0,35.0,34.0,28.0,30.0,29.0,4.4,3.7,3.11,1.38,15874.0,68.0,22113.0,90.0,13.0,106.0,1255,1006.0,1048.0,728.0,58.0,42.0,0
"""2146027""","""Lexington-Fayette""","""Lexington-Fayette, KY""",208.0,308306.0,125752.0,181537.55,50.0,59.0,48.0,26.0,32.0,25.0,24.0,27.0,23.0,8.32,24.46,1.74,2.0,2.0,20182.0,17966.0,20668.0,2.0,2.0,2.0,12348.0,11042.0,12624.0,9469.0,8476.0,9674.0,2857.0,2543.0,2925.0,23.0,23.0,24.0,31.0,31.0,33.0,2.4,3.1,1.59,0.69,19068.0,61.0,29574.0,91.0,27.0,36.0,3874,1102.0,1174.0,804.0,54.0,46.0,0
"""2148000""","""Louisville""","""Louisville/Jefferson County, KY-IN""",234.49,246083.49,103916.14,39290.53,42.0,50.0,41.0,21.0,27.0,20.0,21.0,23.0,21.0,6.66,28.33,1.52,1.0,2.0,17695.0,15888.0,17969.0,5.0,5.0,5.0,10840.0,9525.0,11055.0,8264.0,7203.0,8440.0,2504.0,2249.0,2543.0,72.0,73.0,72.0,84.0,86.0,85.0,6.4,8.6,6.16,2.64,24069.0,58.0,44269.0,89.0,8.0,180.0,982,910.0,982.0,699.0,47.0,53.0,0
"""2148006""","""Louisville/Jefferson County metro government (balance)""","""Louisville/Jefferson County, KY-IN""",239.23,371811.38,144511.62,168767.65,52.0,62.0,50.0,28.0,35.0,26.0,25.0,28.0,24.0,9.08,16.99,1.76,2.0,2.0,21459.0,19026.0,21843.0,2.0,2.0,2.0,12664.0,11308.0,12891.0,9596.0,8585.0,9768.0,3037.0,2693.0,3092.0,31.0,30.0,32.0,36.0,36.0,37.0,2.9,6.5,2.09,0.86,15315.0,71.0,18514.0,88.0,29.0,45.0,1973,1180.0,1242.0,725.0,70.0,30.0,0
"""2205000""","""Baton Rouge""","""Baton Rouge, LA""",182.1,225649.51,88123.5,54981.57,46.0,54.0,44.0,24.0,29.0,23.0,22.0,25.0,22.0,7.74,19.43,1.68,1.0,2.0,20106.0,17941.0,19984.0,3.0,3.0,3.0,11770.0,10443.0,11730.0,9119.0,8076.0,9095.0,2633.0,2349.0,2617.0,18.0,18.0,18.0,37.0,38.0,38.0,5.4,6.1,5.94,1.6,15892.0,59.0,27811.0,89.0,16.0,121.0,1475,1027.0,922.0,780.0,50.0,50.0,0
"""2255000""","""New Orleans""","""New Orleans-Metairie, LA""",496.0,376738.0,153140.0,108427.95,54.0,64.0,48.0,32.0,41.0,28.0,22.0,24.0,20.0,6.41,32.66,1.5,1.0,2.0,16687.0,14741.0,16956.0,10.0,10.0,10.0,10491.0,8886.0,10762.0,8138.0,6788.0,8373.0,2185.0,1931.0,2220.0,168.0,167.0,168.0,165.0,164.0,165.0,4.3,5.7,5.43,1.41,28026.0,46.0,40750.0,90.0,4.0,143.0,2627,1274.0,1302.0,918.0,46.0,54.0,0
"""2270000""","""Shreveport""","""Shreveport-Bossier City, LA""",152.8,179100.79,69470.79,68546.76,52.0,60.0,43.0,26.0,32.0,21.0,27.0,29.0,23.0,8.38,15.15,1.65,1.0,2.0,21098.0,19306.0,21667.0,1.0,1.0,1.0,11738.0,9981.0,12293.0,8967.0,7437.0,9449.0,2763.0,2529.0,2837.0,9.0,15.0,7.0,11.0,18.0,8.0,5.1,5.1,3.89,1.01,11241.0,69.0,15249.0,88.0,15.0,100.0,1277,930.0,858.0,677.0,54.0,46.0,0
"""2404000""","""Baltimore""","""Baltimore-Columbia-Towson, MD""",653.0,622454.0,242268.0,51804.0,34.0,40.0,44.0,20.0,25.0,27.0,14.0,15.0,17.0,5.22,46.05,1.3,1.0,1.0,14308.0,12193.0,13860.0,22.0,21.0,22.0,10023.0,8418.0,9166.0,7444.0,6179.0,6645.0,2113.0,1800.0,2046.0,465.0,439.0,475.0,400.0,378.0,408.0,8.2,9.3,12.57,4.68,50640.0,15.0,75197.0,90.0,4.0,369.0,658,1200.0,1151.0,928.0,47.0,53.0,0
"""2507000""","""Boston""","""Boston-Cambridge-Newton, MA-NH""",558.36,650281.0,256294.0,30953.27,38.0,45.0,51.0,26.0,33.0,37.0,12.0,13.0,15.0,4.14,72.27,1.09,1.0,1.0,11202.0,9376.0,10796.0,31.0,29.0,31.0,8761.0,7645.0,7906.0,6208.0,5403.0,5388.0,1600.0,1339.0,1541.0,953.0,903.0,977.0,642.0,609.0,659.0,8.3,9.6,17.82,8.28,75614.0,12.0,185187.0,92.0,4.0,391.0,793,1641.0,1739.0,1310.0,34.0,66.0,0
"""2567000""","""Springfield""","""Springfield, MA""",121.0,153947.0,55644.0,20393.62,44.0,52.0,43.0,24.0,30.0,24.0,20.0,22.0,20.0,6.74,27.63,1.47,1.0,1.0,17256.0,15206.0,17651.0,7.0,6.0,7.0,10550.0,9243.0,10777.0,7989.0,6977.0,8158.0,2468.0,2175.0,2525.0,92.0,91.0,94.0,150.0,147.0,152.0,6.3,9.0,6.35,2.73,23837.0,45.0,33805.0,88.0,7.0,218.0,822,1058.0,1112.0,770.0,48.0,52.0,0
"""2582000""","""Worcester""","""Worcester, MA-CT""",149.0,183382.0,68576.0,23917.34,41.0,47.0,47.0,23.0,29.0,27.0,18.0,19.0,20.0,6.76,33.38,1.55,1.0,1.0,17826.0,15551.0,17508.0,5.0,5.0,6.0,11456.0,9695.0,10669.0,8822.0,7392.0,8079.0,2551.0,2225.0,2504.0,83.0,78.0,86.0,55.0,52.0,57.0,6.5,8.7,5.74,2.87,25432.0,33.0,40339.0,89.0,9.0,207.0,900,1231.0,1287.0,885.0,43.0,57.0,0
"""2622000""","""Detroit""","""Detroit-Warren-Dearborn, MI""",879.0,690074.0,255740.0,88799.93,41.0,48.0,40.0,20.0,25.0,20.0,21.0,23.0,21.0,6.06,25.84,1.55,1.0,2.0,17467.0,15820.0,17878.0,7.0,8.0,7.0,10969.0,9630.0,11252.0,8411.0,7300.0,8637.0,2472.0,2239.0,2530.0,87.0,91.0,85.0,99.0,105.0,98.0,6.9,7.9,6.47,2.88,33648.0,66.0,36444.0,89.0,6.0,222.0,754,893.0,818.0,740.0,49.0,51.0,0
"""2634000""","""Grand Rapids""","""Grand Rapids-Wyoming, MI""",146.36,191763.23,72832.25,28427.79,44.0,51.0,43.0,21.0,27.0,21.0,22.0,24.0,22.0,7.44,25.79,1.67,1.0,2.0,18977.0,16833.0,18706.0,5.0,5.0,5.0,11873.0,10503.0,11727.0,9090.0,8027.0,8981.0,2686.0,2383.0,2648.0,97.0,93.0,98.0,117.0,111.0,118.0,5.9,6.3,5.27,2.56,22759.0,59.0,41802.0,91.0,10.0,167.0,938,963.0,991.0,754.0,54.0,46.0,0
"""2743000""","""Minneapolis""","""Minneapolis-St. Paul-Bloomington, MN-WI""",375.86,397662.74,167472.71,34550.85,38.0,44.0,47.0,22.0,28.0,28.0,16.0,17.0,18.0,5.97,46.02,1.46,1.0,1.0,15170.0,13396.0,14714.0,14.0,13.0,15.0,10759.0,9080.0,9893.0,8359.0,6944.0,7548.0,2144.0,1893.0,2079.0,256.0,243.0,267.0,222.0,212.0,232.0,6.9,9.1,9.74,4.85,48280.0,44.0,105210.0,92.0,6.0,213.0,740,1280.0,1439.0,872.0,48.0,52.0,0
"""2758000""","""St. Paul""","""Minneapolis-St. Paul-Bloomington, MN-WI""",250.0,295044.21,112988.39,33266.39,37.0,43.0,45.0,20.0,25.0,26.0,17.0,18.0,19.0,6.7,34.01,1.54,1.0,1.0,16769.0,14851.0,16304.0,12.0,11.0,12.0,11395.0,9645.0,10474.0,8786.0,7318.0,7923.0,2370.0,2098.0,2304.0,238.0,229.0,247.0,230.0,221.0,239.0,7.0,9.1,7.91,3.4,34783.0,49.0,59016.0,90.0,7.0,188.0,1133,1168.0,1329.0,797.0,49.0,51.0,0
"""2836000""","""Jackson""","""Jackson, MS""",145.13,170979.77,61932.64,71062.4,49.0,57.0,42.0,24.0,30.0,20.0,26.0,28.0,22.0,8.23,14.6,1.65,1.0,2.0,21010.0,18836.0,21191.0,1.0,2.0,1.0,11758.0,10090.0,12040.0,8993.0,7606.0,9251.0,2751.0,2467.0,2775.0,14.0,16.0,14.0,16.0,18.0,15.0,4.8,6.8,6.18,0.87,10588.0,68.0,18769.0,87.0,16.0,98.0,1337,901.0,891.0,664.0,52.0,48.0,0
"""2938000""","""Kansas City""","""Kansas City, MO-KS""",426.77,471427.54,196306.15,201501.54,44.0,52.0,47.0,23.0,29.0,25.0,21.0,23.0,22.0,7.95,20.02,1.67,1.0,2.0,19900.0,17838.0,19914.0,4.0,4.0,4.0,11937.0,10580.0,11869.0,9075.0,8011.0,9004.0,2817.0,2525.0,2819.0,45.0,45.0,47.0,62.0,62.0,65.0,4.3,7.2,3.12,0.97,16250.0,64.0,24798.0,88.0,15.0,82.0,1474,1116.0,1205.0,754.0,55.0,45.0,0
"""2965000""","""St. Louis""","""St. Louis, MO-IL""",360.0,317850.0,139555.0,39650.01,40.0,47.0,41.0,21.0,26.0,21.0,19.0,21.0,20.0,5.92,34.74,1.48,1.0,1.0,16057.0,14263.0,16293.0,10.0,10.0,10.0,10455.0,9172.0,10574.0,8031.0,7002.0,8114.0,2273.0,2019.0,2306.0,151.0,150.0,154.0,135.0,134.0,138.0,7.8,7.7,10.7,3.52,34364.0,43.0,51520.0,91.0,4.0,330.0,667,955.0,1055.0,726.0,44.0,56.0,0
"""2970000""","""Springfield""","""Springfield, MO""",112.31,164324.62,70959.89,52545.13,49.0,57.0,41.0,23.0,29.0,18.0,26.0,28.0,22.0,7.64,16.73,1.57,1.0,2.0,19143.0,17209.0,20048.0,2.0,2.0,2.0,11277.0,9640.0,11976.0,8540.0,7173.0,9112.0,2710.0,2437.0,2838.0,28.0,31.0,27.0,41.0,45.0,39.0,5.4,6.2,4.1,1.35,15132.0,65.0,26466.0,89.0,9.0,151.0,954,826.0,870.0,705.0,48.0,52.0,0
"""3128000""","""Lincoln""","""Lincoln, NE""",177.96,249496.39,100397.15,58554.6,46.0,55.0,45.0,24.0,30.0,23.0,23.0,25.0,22.0,8.06,25.68,1.64,1.0,2.0,19584.0,17222.0,19641.0,3.0,3.0,4.0,11756.0,10489.0,11714.0,8939.0,8012.0,8882.0,2772.0,2438.0,2780.0,45.0,40.0,52.0,50.0,44.0,58.0,5.3,7.8,4.17,1.71,18329.0,57.0,27253.0,88.0,10.0,118.0,1121,1036.0,1135.0,685.0,56.0,44.0,0
"""3137000""","""Omaha""","""Omaha-Council Bluffs, NE-IA""",430.75,437724.48,172814.6,85266.58,44.0,53.0,47.0,24.0,30.0,26.0,21.0,23.0,22.0,7.99,25.44,1.7,2.0,2.0,19698.0,17449.0,19339.0,4.0,4.0,5.0,12130.0,10767.0,11835.0,9269.0,8228.0,9021.0,2788.0,2470.0,2737.0,73.0,69.0,77.0,62.0,59.0,66.0,5.2,7.3,4.34,2.03,20929.0,65.0,34224.0,90.0,10.0,157.0,1010,1149.0,1175.0,736.0,58.0,42.0,0
"""3231900""","""Henderson""","""Las Vegas-Henderson-Paradise, NV""",167.09,266763.16,101781.75,67059.18,59.0,70.0,56.0,34.0,42.0,32.0,25.0,28.0,24.0,8.35,26.01,1.76,2.0,2.0,21025.0,18644.0,20527.0,3.0,3.0,3.0,13080.0,11668.0,12876.0,9596.0,8567.0,9471.0,3371.0,2990.0,3292.0,113.0,111.0,113.0,85.0,84.0,85.0,4.0,6.0,4.69,1.52,22101.0,69.0,21568.0,88.0,20.0,95.0,1567,1454.0,1433.0,1193.0,61.0,39.0,1
"""3240000""","""Las Vegas""","""Las Vegas-Henderson-Paradise, NV""",435.24,588677.81,209864.67,85469.62,53.0,63.0,50.0,29.0,36.0,28.0,24.0,26.0,22.0,7.64,33.31,1.66,1.0,2.0,18957.0,16883.0,18522.0,6.0,6.0,6.0,12269.0,10868.0,12065.0,9046.0,7974.0,8910.0,3040.0,2707.0,2970.0,184.0,186.0,184.0,139.0,141.0,139.0,4.7,7.3,4.84,2.46,31705.0,62.0,38777.0,89.0,14.0,155.0,1868,1255.0,1220.0,1072.0,52.0,48.0,0
"""3251800""","""North Las Vegas""","""Las Vegas-Henderson-Paradise, NV""",116.31,224045.03,67906.0,62651.2,54.0,64.0,51.0,29.0,36.0,28.0,25.0,28.0,24.0,8.87,28.76,1.77,2.0,2.0,20355.0,18243.0,19914.0,4.0,4.0,4.0,13039.0,11624.0,12832.0,9649.0,8566.0,9511.0,3264.0,2925.0,3193.0,126.0,133.0,128.0,95.0,100.0,97.0,3.4,5.3,3.03,1.08,26319.0,77.0,24016.0,89.0,19.0,72.0,3020,1239.0,1215.0,1181.0,55.0,45.0,0
"""3254600""","""Paradise""","""Las Vegas-Henderson-Paradise, NV""",156.27,224269.05,88369.69,29896.7,48.0,57.0,46.0,26.0,32.0,25.0,23.0,25.0,21.0,7.09,44.79,1.57,1.0,2.0,17648.0,15519.0,17206.0,7.0,7.0,7.0,11613.0,10274.0,11424.0,8547.0,7559.0,8433.0,2830.0,2489.0,2759.0,236.0,226.0,232.0,178.0,171.0,175.0,6.8,7.2,6.96,2.96,35146.0,42.0,73871.0,92.0,18.0,143.0,1218,1105.0,949.0,1001.0,40.0,60.0,0
"""3260600""","""Reno""","""Reno, NV""",155.9,224911.42,88398.98,68686.94,50.0,59.0,49.0,27.0,34.0,26.0,23.0,25.0,23.0,8.03,26.72,1.64,1.0,2.0,19518.0,17280.0,19590.0,3.0,3.0,4.0,12139.0,10808.0,12174.0,8939.0,7971.0,8961.0,3130.0,2771.0,3141.0,69.0,66.0,72.0,80.0,76.0,82.0,4.4,5.9,12.73,1.29,16967.0,51.0,26605.0,89.0,13.0,80.0,1486,1188.0,1153.0,970.0,46.0,54.0,0
"""3268585""","""Spring Valley""","""Las Vegas-Henderson-Paradise, NV""",107.34,186539.72,70579.0,21282.21,52.0,62.0,49.0,29.0,36.0,28.0,23.0,26.0,22.0,7.59,41.29,1.64,1.0,2.0,18353.0,16272.0,17919.0,6.0,6.0,6.0,12059.0,10673.0,11858.0,8909.0,7859.0,8779.0,2943.0,2609.0,2873.0,207.0,206.0,206.0,156.0,155.0,156.0,6.4,6.5,6.79,3.32,32536.0,49.0,47078.0,91.0,19.0,162.0,1329,1237.0,1209.0,1135.0,45.0,55.0,0
"""3271400""","""Sunrise Manor""","""Las Vegas-Henderson-Paradise, NV""",124.98,188184.41,59659.77,21358.11,48.0,57.0,46.0,24.0,31.0,23.0,24.0,26.0,22.0,7.84,38.04,1.65,1.0,2.0,18757.0,16578.0,18300.0,7.0,7.0,7.0,12216.0,10812.0,12013.0,8973.0,7921.0,8843.0,3008.0,2658.0,2935.0,236.0,232.0,235.0,178.0,175.0,178.0,5.4,6.3,6.04,2.79,30379.0,51.0,24101.0,89.0,16.0,144.0,1533,1050.0,985.0,941.0,49.0,51.0,0
"""3436000""","""Jersey City""","""New York-Newark-Jersey City, NY-NJ-PA""",166.0,259651.0,99058.0,9467.17,40.0,48.0,49.0,30.0,37.0,37.0,11.0,11.0,12.0,3.0,60.05,0.97,1.0,1.0,7887.0,5877.0,7264.0,40.0,38.0,39.0,7075.0,5915.0,6342.0,5512.0,4665.0,4878.0,1165.0,868.0,1073.0,397.0,382.0,392.0,172.0,166.0,170.0,9.2,9.8,32.22,10.46,139385.0,8.0,281940.0,94.0,5.0,229.0,1043,1661.0,2136.0,1335.0,29.0,71.0,0
"""3451000""","""Newark""","""New York-Newark-Jersey City, NY-NJ-PA""",204.0,279793.0,92675.0,15483.77,33.0,39.0,40.0,21.0,26.0,26.0,12.0,13.0,14.0,4.07,56.47,1.18,1.0,1.0,10910.0,8995.0,10270.0,27.0,26.0,27.0,8389.0,6993.0,7543.0,6735.0,5624.0,5985.0,1611.0,1328.0,1516.0,43.0,41.0,42.0,20.0,20.0,20.0,8.6,9.6,14.59,5.99,88569.0,11.0,111415.0,91.0,6.0,223.0,899,1177.0,1565.0,950.0,22.0,78.0,0
"""3502000""","""Albuquerque""","""Albuquerque, NM""",351.99,528898.44,212036.72,120473.28,51.0,59.0,46.0,28.0,34.0,25.0,24.0,25.0,22.0,7.89,28.47,1.63,1.0,2.0,19204.0,17138.0,19625.0,4.0,4.0,4.0,11404.0,9657.0,11740.0,8854.0,7376.0,9136.0,2515.0,2245.0,2570.0,35.0,36.0,35.0,101.0,104.0,99.0,4.4,6.5,4.24,1.76,21987.0,62.0,29207.0,89.0,12.0,110.0,1523,1112.0,1138.0,851.0,59.0,41.0,0
"""3611000""","""Buffalo""","""Buffalo-Cheektowaga-Niagara Falls, NY""",287.0,259520.87,110550.23,25845.46,38.0,45.0,37.0,19.0,23.0,18.0,20.0,21.0,19.0,5.7,39.84,1.35,1.0,1.0,15234.0,13422.0,16075.0,12.0,11.0,12.0,9959.0,8723.0,10475.0,7335.0,6382.0,7713.0,2353.0,2074.0,2483.0,271.0,267.0,279.0,192.0,189.0,198.0,7.7,8.9,7.84,4.28,35078.0,33.0,44253.0,89.0,8.0,196.0,1015,794.0,768.0,682.0,42.0,58.0,0
"""3651000""","""New York""","""New York-Newark-Jersey City, NY-NJ-PA""",6287.0,8426743.0,3113535.0,192937.44,39.0,47.0,47.0,30.0,37.0,37.0,9.0,10.0,11.0,2.04,46.57,0.69,1.0,1.0,5287.0,3820.0,4820.0,59.0,57.0,58.0,6298.0,5506.0,5726.0,3966.0,3444.0,3491.0,767.0,554.0,699.0,1565.0,1508.0,1536.0,1156.0,1114.0,1134.0,8.6,9.8,24.7,16.14,211144.0,9.0,326235.0,93.0,5.0,311.0,882,1657.0,1394.0,1337.0,32.0,68.0,0
"""3663000""","""Rochester""","""Rochester, NY""",231.13,210954.49,85857.05,22899.15,40.0,47.0,39.0,20.0,25.0,19.0,20.0,22.0,20.0,6.17,36.42,1.43,1.0,1.0,16167.0,14500.0,16707.0,7.0,7.0,7.0,10458.0,9184.0,10820.0,7785.0,6764.0,8061.0,2498.0,2240.0,2581.0,175.0,180.0,178.0,124.0,127.0,125.0,7.1,8.7,6.96,3.75,32930.0,44.0,49924.0,90.0,8.0,200.0,1003,864.0,879.0,772.0,37.0,63.0,0
"""3684000""","""Yonkers""","""New York-Newark-Jersey City, NY-NJ-PA""",153.0,199435.0,73073.0,11527.82,48.0,57.0,58.0,31.0,39.0,39.0,16.0,17.0,19.0,5.11,54.94,1.36,1.0,1.0,13403.0,11139.0,12699.0,25.0,24.0,24.0,10947.0,9304.0,10007.0,7788.0,6542.0,6975.0,2071.0,1721.0,1962.0,1087.0,1040.0,1070.0,213.0,204.0,210.0,7.2,9.4,11.27,6.34,77932.0,26.0,72073.0,90.0,6.0,281.0,916,1765.0,1658.0,1159.0,47.0,53.0,0
"""3712000""","""Charlotte""","""Charlotte-Concord-Gastonia, NC-SC""",445.74,765598.43,295719.89,195266.0,51.0,61.0,50.0,29.0,36.0,28.0,22.0,25.0,22.0,8.39,18.9,1.67,1.0,2.0,20163.0,17958.0,20082.0,4.0,4.0,4.0,11933.0,10603.0,11905.0,9063.0,8038.0,9045.0,2794.0,2488.0,2783.0,76.0,76.0,77.0,72.0,72.0,72.0,5.0,7.1,3.36,1.51,19224.0,56.0,35129.0,89.0,25.0,76.0,1471,1271.0,1312.0,973.0,54.0,46.0,0
"""3719000""","""Durham""","""Durham-Chapel Hill, NC,Raleigh, NC""",123.48,218904.23,89382.55,69921.57,47.0,55.0,47.0,25.0,32.0,25.0,21.0,24.0,22.0,7.89,15.45,1.6,1.0,2.0,19141.0,16995.0,19792.0,4.0,4.0,4.0,11387.0,10131.0,11696.0,8697.0,7739.0,8913.0,2652.0,2355.0,2743.0,38.0,37.0,40.0,69.0,66.0,72.0,5.0,7.0,3.7,1.28,15342.0,52.0,26018.0,88.0,23.0,74.0,1445,1121.0,1160.0,909.0,48.0,52.0,0
"""3722920""","""Fayetteville""","""Fayetteville, NC""",131.01,199600.4,77066.06,94582.52,55.0,64.0,46.0,28.0,35.0,23.0,27.0,29.0,23.0,8.22,14.47,1.65,1.0,2.0,20290.0,18135.0,20732.0,3.0,3.0,3.0,11830.0,10195.0,12270.0,8969.0,7632.0,9349.0,2812.0,2514.0,2873.0,49.0,49.0,48.0,61.0,61.0,60.0,4.8,4.9,1.82,0.81,11984.0,63.0,11625.0,87.0,20.0,53.0,2122,1037.0,1052.0,907.0,47.0,53.0,0
"""3728000""","""Greensboro""","""Greensboro-High Point, NC""",166.62,261550.67,106850.22,81048.09,54.0,63.0,45.0,28.0,35.0,23.0,26.0,27.0,22.0,7.9,15.47,1.56,1.0,2.0,19342.0,17223.0,20182.0,3.0,3.0,3.0,11199.0,9567.0,11828.0,8464.0,7123.0,8977.0,2680.0,2387.0,2797.0,55.0,57.0,54.0,66.0,68.0,65.0,5.2,7.2,3.97,1.32,15626.0,55.0,24149.0,88.0,19.0,83.0,1376,1036.0,1097.0,791.0,51.0,49.0,0
"""3755000""","""Raleigh""","""Durham-Chapel Hill, NC,Raleigh, NC""",201.32,383351.97,151389.8,92499.27,44.0,51.0,50.0,24.0,30.0,28.0,20.0,21.0,22.0,8.04,19.61,1.7,2.0,2.0,20117.0,17846.0,19702.0,3.0,3.0,3.0,12584.0,10749.0,11743.0,9722.0,8208.0,8938.0,2789.0,2473.0,2730.0,73.0,68.0,75.0,73.0,68.0,75.0,5.6,6.5,4.25,1.64,18505.0,48.0,38892.0,90.0,18.0,92.0,1438,1263.0,1400.0,976.0,52.0,48.0,0
"""3775000""","""Winston-Salem""","""Winston-Salem, NC""",159.78,228749.19,90218.95,84802.77,53.0,61.0,45.0,27.0,34.0,23.0,25.0,27.0,22.0,8.15,12.57,1.56,1.0,2.0,19963.0,17913.0,20899.0,2.0,3.0,2.0,11299.0,9652.0,11988.0,8501.0,7134.0,9062.0,2766.0,2483.0,2896.0,31.0,34.0,30.0,46.0,50.0,43.0,4.6,7.8,2.47,1.06,12829.0,63.0,21005.0,87.0,22.0,81.0,1381,1011.0,1061.0,683.0,54.0,46.0,0
"""3901000""","""Akron""","""Akron, OH""",208.92,197057.49,82893.81,39697.01,43.0,50.0,41.0,20.0,25.0,19.0,22.0,25.0,22.0,7.16,22.83,1.61,1.0,2.0,18972.0,17099.0,19434.0,4.0,4.0,4.0,11496.0,10162.0,11821.0,8783.0,7710.0,9043.0,2671.0,2408.0,2737.0,41.0,44.0,42.0,49.0,52.0,49.0,6.1,7.0,4.54,2.09,21687.0,68.0,26730.0,89.0,11.0,154.0,995,870.0,896.0,626.0,53.0,47.0,0
"""3915000""","""Cincinnati""","""Cincinnati, OH-KY-IN""",276.52,295618.64,131572.43,49892.24,39.0,46.0,40.0,20.0,25.0,20.0,19.0,21.0,20.0,6.44,27.79,1.5,1.0,2.0,17529.0,15774.0,17620.0,6.0,6.0,6.0,10783.0,9477.0,10817.0,8173.0,7113.0,8191.0,2468.0,2221.0,2481.0,141.0,143.0,144.0,79.0,80.0,81.0,7.0,7.9,6.24,2.64,26297.0,39.0,43895.0,90.0,20.0,143.0,1277,919.0,1098.0,674.0,39.0,61.0,0
"""3916000""","""Cleveland""","""Cleveland-Elyria, OH""",461.63,390416.77,167015.35,49731.21,39.0,45.0,37.0,19.0,24.0,18.0,20.0,22.0,20.0,5.71,28.85,1.42,1.0,1.0,15914.0,14185.0,16707.0,11.0,11.0,11.0,10158.0,8608.0,10672.0,7729.0,6422.0,8129.0,2241.0,1998.0,2353.0,188.0,188.0,191.0,187.0,187.0,190.0,7.2,8.2,7.93,3.36,32679.0,47.0,45560.0,90.0,9.0,201.0,1014,793.0,864.0,657.0,42.0,58.0,0
"""3918000""","""Columbus""","""Columbus, OH""",591.37,764858.17,310564.6,139607.33,43.0,50.0,44.0,23.0,28.0,23.0,20.0,22.0,21.0,7.22,27.39,1.58,1.0,2.0,18093.0,16007.0,18098.0,5.0,5.0,5.0,11218.0,9914.0,11168.0,8591.0,7583.0,8538.0,2548.0,2254.0,2548.0,79.0,78.0,82.0,76.0,75.0,79.0,6.4,7.6,5.65,2.22,26112.0,48.0,41135.0,90.0,11.0,126.0,1120,1055.0,1115.0,838.0,46.0,54.0,0
"""3977000""","""Toledo""","""Toledo, OH""",291.91,280091.1,116101.97,51660.58,47.0,55.0,41.0,22.0,28.0,19.0,25.0,27.0,23.0,7.52,24.42,1.6,1.0,2.0,19212.0,17323.0,20066.0,2.0,3.0,2.0,11479.0,9774.0,12140.0,8720.0,7271.0,9263.0,2705.0,2440.0,2826.0,54.0,63.0,52.0,26.0,30.0,25.0,6.1,5.7,4.74,2.25,20264.0,66.0,23122.0,89.0,11.0,145.0,1037,840.0,891.0,638.0,54.0,46.0,0
"""4055000""","""Oklahoma City""","""Oklahoma City, OK,Shawnee, OK""",498.64,613222.71,233121.11,388283.39,50.0,60.0,48.0,26.0,32.0,25.0,25.0,28.0,24.0,8.78,20.43,1.77,2.0,2.0,21327.0,19106.0,21277.0,1.0,1.0,1.0,12671.0,11323.0,12682.0,9630.0,8595.0,9647.0,3019.0,2704.0,3011.0,22.0,24.0,23.0,26.0,29.0,27.0,2.6,5.1,1.79,0.6,16433.0,68.0,24701.0,89.0,27.0,53.0,2358,1107.0,1143.0,816.0,59.0,41.0,0
"""4075000""","""Tulsa""","""Tulsa, OK""",303.84,397717.73,164173.25,126042.6,49.0,58.0,46.0,25.0,32.0,23.0,24.0,27.0,23.0,8.13,21.29,1.67,1.0,2.0,20022.0,17890.0,20311.0,2.0,2.0,2.0,11974.0,10646.0,12196.0,9109.0,8080.0,9290.0,2834.0,2532.0,2875.0,31.0,34.0,31.0,31.0,34.0,32.0,5.1,5.7,3.71,1.3,18079.0,63.0,29516.0,90.0,15.0,104.0,1379,1053.0,1124.0,799.0,52.0,48.0,0
"""4159000""","""Portland""","""Portland-Vancouver-Hillsboro, OR-WA""",435.04,609368.31,253519.13,85395.24,48.0,57.0,53.0,29.0,36.0,32.0,19.0,21.0,21.0,6.65,38.27,1.54,1.0,2.0,16355.0,14479.0,16358.0,13.0,13.0,13.0,11751.0,10009.0,11234.0,8814.0,7383.0,8293.0,2624.0,2322.0,2623.0,313.0,305.0,318.0,279.0,272.0,283.0,6.0,6.8,6.72,2.97,37908.0,57.0,64420.0,92.0,6.0,208.0,981,1456.0,1690.0,1011.0,53.0,47.0,0
"""4164900""","""Salem""","""Salem, OR""",86.17,150685.07,54480.48,31082.81,52.0,61.0,48.0,28.0,35.0,25.0,24.0,26.0,23.0,7.82,24.2,1.64,1.0,2.0,19247.0,17074.0,19433.0,5.0,5.0,5.0,12087.0,10333.0,12287.0,8921.0,7518.0,9096.0,3086.0,2739.0,3116.0,79.0,76.0,75.0,96.0,92.0,91.0,5.4,5.5,3.89,1.75,15949.0,60.0,23457.0,89.0,12.0,146.0,1140,1141.0,1367.0,872.0,52.0,48.0,0
"""4260000""","""Philadelphia""","""Philadelphia-Camden-Wilmington, PA-NJ-DE-MD""",1336.0,1555072.0,581050.0,85873.82,36.0,43.0,41.0,22.0,27.0,25.0,15.0,16.0,17.0,4.82,64.69,1.2,1.0,1.0,13238.0,11033.0,13039.0,28.0,27.0,28.0,9520.0,7986.0,8947.0,6872.0,5695.0,6329.0,1955.0,1629.0,1925.0,693.0,662.0,693.0,494.0,472.0,494.0,8.3,9.0,13.7,6.77,75609.0,8.0,99736.0,91.0,4.0,292.0,830,1120.0,1127.0,877.0,53.0,47.0,0
"""4261000""","""Pittsburgh""","""Pittsburgh, PA""",355.0,305928.0,132468.0,35440.77,41.0,49.0,41.0,23.0,29.0,22.0,18.0,20.0,19.0,5.72,37.55,1.32,1.0,1.0,14667.0,13163.0,15443.0,12.0,12.0,12.0,9576.0,8358.0,10105.0,7169.0,6176.0,7576.0,2166.0,1943.0,2280.0,241.0,238.0,249.0,153.0,152.0,159.0,7.2,9.3,8.16,3.74,38372.0,45.0,73461.0,90.0,4.0,328.0,724,1004.0,1064.0,814.0,48.0,52.0,0
"""4459000""","""Providence""","""Providence-Warwick, RI-MA""",154.0,178680.0,61481.0,11776.03,42.0,50.0,45.0,25.0,31.0,26.0,17.0,19.0,18.0,5.69,43.57,1.38,1.0,1.0,14768.0,12865.0,14921.0,10.0,10.0,11.0,9798.0,8538.0,9822.0,7490.0,6511.0,7485.0,2155.0,1877.0,2177.0,154.0,150.0,159.0,143.0,140.0,148.0,8.2,8.8,12.41,5.22,39941.0,24.0,61996.0,90.0,4.0,388.0,653,1189.0,1411.0,895.0,35.0,65.0,0
"""4659020""","""Sioux Falls""","""Sioux Falls, SD""",103.3,153241.57,61263.29,47966.11,43.0,51.0,45.0,22.0,27.0,23.0,21.0,24.0,22.0,8.67,21.29,1.71,2.0,2.0,21066.0,18692.0,20565.0,2.0,2.0,2.0,12296.0,10901.0,11891.0,9290.0,8234.0,8954.0,2982.0,2646.0,2911.0,24.0,22.0,26.0,32.0,29.0,35.0,4.6,8.2,3.26,1.28,13455.0,58.0,24417.0,87.0,13.0,89.0,1312,1046.0,1066.0,691.0,60.0,40.0,0
"""4714000""","""Chattanooga""","""Chattanooga, TN-GA""",130.75,175705.39,70381.45,91560.95,51.0,59.0,45.0,26.0,33.0,23.0,25.0,27.0,23.0,8.31,11.13,1.61,1.0,2.0,20887.0,18807.0,21473.0,1.0,2.0,1.0,11771.0,10079.0,12220.0,8772.0,7364.0,9139.0,2956.0,2663.0,3039.0,43.0,52.0,41.0,29.0,35.0,28.0,4.8,7.7,3.02,0.77,9994.0,62.0,19065.0,87.0,24.0,84.0,1537,1019.0,1148.0,736.0,54.0,46.0,0
"""4740000""","""Knoxville""","""Knoxville, TN""",117.85,189625.44,82911.69,63057.46,50.0,58.0,43.0,25.0,31.0,21.0,25.0,26.0,22.0,7.73,14.6,1.56,1.0,2.0,19300.0,17361.0,20297.0,3.0,3.0,2.0,11278.0,9634.0,11980.0,8513.0,7140.0,9076.0,2732.0,2458.0,2873.0,33.0,36.0,31.0,48.0,53.0,46.0,5.3,6.5,2.97,1.31,14541.0,57.0,23411.0,88.0,19.0,101.0,1359,950.0,1043.0,777.0,48.0,52.0,0
"""4748000""","""Memphis""","""Memphis, TN-MS-AR""",500.72,655043.96,249153.13,203114.28,50.0,59.0,45.0,26.0,33.0,23.0,24.0,26.0,22.0,7.8,19.74,1.58,1.0,2.0,19799.0,17773.0,19791.0,3.0,3.0,3.0,11465.0,9742.0,11588.0,8616.0,7176.0,8741.0,2802.0,2516.0,2801.0,47.0,50.0,46.0,46.0,49.0,45.0,5.0,8.4,3.43,1.23,17612.0,63.0,26991.0,87.0,14.0,107.0,1661,1047.0,1060.0,844.0,49.0,51.0,0
"""4752006""","""Nashville-Davidson metropolitan government (balance)""","""Nashville-Davidson--Murfreesboro--Franklin, TN""",451.17,632755.38,253918.07,304596.84,48.0,57.0,48.0,26.0,33.0,26.0,22.0,25.0,22.0,8.23,17.71,1.67,1.0,2.0,20433.0,18127.0,20292.0,3.0,3.0,3.0,12051.0,10725.0,11959.0,9097.0,8101.0,9023.0,2892.0,2566.0,2872.0,61.0,58.0,63.0,48.0,46.0,49.0,3.2,7.5,2.23,0.83,15461.0,53.0,30922.0,88.0,39.0,55.0,2661,1177.0,1231.0,887.0,54.0,46.0,0
"""4803000""","""Amarillo""","""Amarillo, TX""",159.55,189297.53,71821.79,64007.39,49.0,58.0,46.0,24.0,31.0,23.0,25.0,28.0,23.0,8.77,22.4,1.8,2.0,2.0,21612.0,19343.0,21528.0,1.0,1.0,1.0,12614.0,11256.0,12626.0,9773.0,8712.0,9796.0,2839.0,2541.0,2828.0,2.0,3.0,2.0,4.0,5.0,4.0,4.8,3.7,3.01,1.12,13143.0,73.0,17089.0,89.0,14.0,98.0,1421,1028.0,1024.0,729.0,61.0,39.0,0
"""4804000""","""Arlington""","""Dallas-Fort Worth-Arlington, TX""",220.56,376832.0,132590.35,61373.73,45.0,54.0,49.0,24.0,30.0,27.0,21.0,23.0,22.0,8.76,29.08,1.78,2.0,2.0,21273.0,18651.0,20228.0,1.0,1.0,1.0,12536.0,11253.0,11971.0,9708.0,8778.0,9282.0,2795.0,2450.0,2657.0,34.0,25.0,31.0,29.0,21.0,27.0,5.5,6.3,6.4,2.16,25938.0,62.0,34264.0,90.0,12.0,147.0,1083,1210.0,1213.0,939.0,56.0,44.0,0
"""4805000""","""Austin""","""Austin-Round Rock, TX""",495.42,867167.66,344305.91,200141.47,47.0,55.0,54.0,28.0,35.0,33.0,19.0,21.0,21.0,7.68,25.66,1.7,2.0,2.0,19082.0,16852.0,18405.0,5.0,5.0,5.0,12264.0,10498.0,11288.0,9683.0,8215.0,8794.0,2508.0,2214.0,2418.0,74.0,69.0,76.0,108.0,101.0,111.0,5.2,6.2,3.87,1.72,25409.0,47.0,48153.0,91.0,20.0,86.0,1607,1464.0,1581.0,1080.0,44.0,56.0,0
"""4810768""","""Brownsville""","""Brownsville-Harlingen, TX""",99.81,183730.03,52269.46,84683.42,68.0,80.0,43.0,32.0,40.0,20.0,36.0,39.0,23.0,9.37,19.89,1.72,2.0,2.0,22343.0,20086.0,21511.0,2.0,2.0,2.0,11823.0,10508.0,12398.0,8861.0,7837.0,9547.0,2936.0,2640.0,2826.0,26.0,32.0,25.0,40.0,50.0,40.0,3.6,5.9,3.06,0.62,10903.0,70.0,13795.0,86.0,17.0,46.0,2160,891.0,916.0,655.0,63.0,37.0,0
"""4817000""","""Corpus Christi""","""Corpus Christi, TX,Kingsville, TX""",213.86,311377.83,113156.64,111654.8,52.0,62.0,48.0,28.0,35.0,26.0,24.0,27.0,23.0,8.72,25.04,1.75,2.0,2.0,20885.0,18644.0,20627.0,4.0,3.0,3.0,12298.0,10958.0,12239.0,9523.0,8477.0,9497.0,2744.0,2449.0,2710.0,31.0,31.0,31.0,98.0,98.0,98.0,4.7,4.3,6.86,1.01,14983.0,67.0,15795.0,88.0,16.0,78.0,2426,1159.0,1208.0,914.0,56.0,44.0,0
"""4819000""","""Dallas""","""Dallas-Fort Worth-Arlington, TX""",907.84,1267831.51,479385.47,218558.31,44.0,52.0,48.0,25.0,31.0,28.0,19.0,21.0,20.0,6.86,37.5,1.63,1.0,2.0,17769.0,15609.0,16888.0,10.0,9.0,9.0,11444.0,10132.0,10881.0,8883.0,7865.0,8437.0,2334.0,2051.0,2219.0,226.0,217.0,225.0,226.0,217.0,225.0,6.0,6.6,7.02,2.19,34732.0,46.0,65797.0,92.0,11.0,140.0,1090,1249.0,1160.0,906.0,43.0,57.0,0
"""4824000""","""El Paso""","""El Paso, TX""",423.52,651713.63,214195.22,164415.09,58.0,67.0,44.0,28.0,35.0,22.0,30.0,32.0,23.0,8.67,25.57,1.76,2.0,2.0,21289.0,19028.0,20352.0,4.0,4.0,3.0,12452.0,10632.0,12233.0,9570.0,8045.0,9480.0,2797.0,2501.0,2674.0,85.0,87.0,79.0,122.0,124.0,113.0,3.9,4.5,4.44,1.3,16050.0,67.0,20960.0,89.0,15.0,95.0,1466,977.0,966.0,767.0,59.0,41.0,0
"""4827000""","""Fort Worth""","""Dallas-Fort Worth-Arlington, TX""",507.2,790157.34,271419.94,217929.78,46.0,54.0,50.0,24.0,31.0,27.0,21.0,24.0,23.0,8.67,23.34,1.84,2.0,2.0,21383.0,18945.0,20405.0,3.0,3.0,3.0,12885.0,11525.0,12298.0,10011.0,8975.0,9553.0,2809.0,2489.0,2681.0,65.0,61.0,65.0,56.0,53.0,56.0,4.4,4.6,4.33,1.25,21128.0,68.0,26640.0,90.0,14.0,103.0,1376,1222.0,1215.0,913.0,57.0,43.0,1
"""4829000""","""Garland""","""Dallas-Fort Worth-Arlington, TX""",145.02,235849.08,75523.38,36513.67,46.0,54.0,50.0,25.0,31.0,27.0,21.0,24.0,23.0,8.73,25.2,1.84,2.0,2.0,20572.0,18249.0,19635.0,5.0,4.0,5.0,12816.0,11383.0,12214.0,10003.0,8877.0,9524.0,2703.0,2397.0,2579.0,110.0,109.0,111.0,111.0,110.0,112.0,5.3,5.2,4.75,2.07,28044.0,71.0,33234.0,91.0,9.0,158.0,945,1225.0,1260.0,845.0,62.0,38.0,0
"""4830464""","""Grand Prairie""","""Dallas-Fort Worth-Arlington, TX""",99.74,178495.06,57436.97,46222.4,47.0,56.0,51.0,26.0,32.0,28.0,22.0,24.0,23.0,9.66,25.38,1.84,2.0,2.0,22267.0,19636.0,21225.0,1.0,1.0,1.0,12986.0,11672.0,12412.0,10035.0,9074.0,9600.0,2925.0,2580.0,2788.0,26.0,18.0,24.0,25.0,18.0,23.0,4.6,5.4,4.49,1.24,20207.0,68.0,25098.0,90.0,13.0,89.0,1309,1278.0,1256.0,900.0,62.0,38.0,1
"""4835000""","""Houston""","""Houston-The Woodlands-Sugar Land, TX""",1362.88,2356541.18,857438.35,402751.32,45.0,53.0,48.0,25.0,31.0,28.0,20.0,22.0,21.0,7.31,31.45,1.7,2.0,2.0,18478.0,16277.0,17385.0,7.0,7.0,7.0,11749.0,10422.0,11091.0,9243.0,8206.0,8728.0,2384.0,2100.0,2243.0,121.0,116.0,120.0,140.0,133.0,138.0,6.1,5.7,9.41,2.13,34884.0,48.0,66097.0,93.0,10.0,170.0,1057,1242.0,1239.0,919.0,46.0,54.0,0
"""4837000""","""Irving""","""Dallas-Fort Worth-Arlington, TX""",162.06,224901.17,82168.43,42895.64,43.0,51.0,47.0,24.0,30.0,26.0,19.0,21.0,20.0,7.65,36.18,1.65,1.0,2.0,18628.0,16369.0,17709.0,5.0,5.0,5.0,11558.0,10240.0,10984.0,8989.0,7976.0,8537.0,2447.0,2150.0,2326.0,122.0,114.0,121.0,123.0,115.0,123.0,6.5,6.3,6.04,1.92,26784.0,40.0,56136.0,92.0,11.0,121.0,1123,1188.0,1127.0,911.0,38.0,62.0,0
"""4841464""","""Laredo""","""Laredo, TX""",128.6,231161.72,61830.44,62577.1,65.0,77.0,46.0,33.0,42.0,24.0,32.0,35.0,22.0,9.21,24.75,1.78,2.0,2.0,22476.0,20213.0,20529.0,4.0,4.0,3.0,12266.0,10913.0,12087.0,9173.0,8108.0,9262.0,2954.0,2656.0,2697.0,140.0,149.0,128.0,135.0,144.0,124.0,3.3,6.7,3.42,0.99,12210.0,66.0,15567.0,87.0,17.0,79.0,2717,1080.0,1136.0,780.0,61.0,39.0,0
"""4845000""","""Lubbock""","""Lubbock, TX""",170.68,235295.49,88562.85,78486.07,55.0,64.0,47.0,28.0,36.0,24.0,27.0,29.0,23.0,8.49,23.75,1.73,2.0,2.0,20695.0,18481.0,20660.0,2.0,2.0,2.0,12221.0,10505.0,12349.0,9408.0,7980.0,9537.0,2719.0,2429.0,2714.0,94.0,97.0,98.0,83.0,84.0,86.0,4.7,3.8,2.74,1.13,15514.0,66.0,21928.0,90.0,14.0,92.0,1345,1088.0,1056.0,766.0,53.0,47.0,0
"""4856000""","""Pasadena""","""Houston-The Woodlands-Sugar Land, TX""",85.19,151019.35,48555.63,27856.94,43.0,51.0,47.0,22.0,27.0,24.0,21.0,24.0,22.0,8.74,27.12,1.81,2.0,2.0,21644.0,19028.0,20360.0,1.0,1.0,1.0,12717.0,11429.0,12068.0,9858.0,8919.0,9380.0,2843.0,2499.0,2674.0,15.0,11.0,14.0,18.0,13.0,16.0,5.6,5.0,8.7,1.74,23959.0,59.0,32517.0,91.0,10.0,175.0,1091,1088.0,1083.0,820.0,54.0,46.0,0
"""4858016""","""Plano""","""Dallas-Fort Worth-Arlington, TX""",180.02,277619.24,105355.72,45871.94,55.0,66.0,60.0,34.0,43.0,38.0,21.0,23.0,22.0,8.58,27.27,1.8,2.0,2.0,20626.0,18123.0,19634.0,3.0,3.0,3.0,12552.0,11187.0,11969.0,9815.0,8781.0,9363.0,2710.0,2381.0,2579.0,28.0,25.0,27.0,27.0,25.0,27.0,5.4,5.9,6.73,2.3,27576.0,64.0,40973.0,91.0,9.0,186.0,849,1712.0,1772.0,988.0,61.0,39.0,0
"""4865000""","""San Antonio""","""San Antonio-New Braunfels, TX""",880.8,1416915.15,489226.26,295130.96,48.0,56.0,46.0,25.0,31.0,24.0,23.0,26.0,22.0,8.29,25.33,1.76,2.0,2.0,20269.0,18103.0,19495.0,4.0,4.0,4.0,12285.0,10892.0,11875.0,9561.0,8453.0,9254.0,2663.0,2378.0,2561.0,61.0,61.0,60.0,95.0,96.0,94.0,5.0,5.4,3.56,1.66,24126.0,65.0,34577.0,90.0,19.0,102.0,1815,1096.0,1123.0,856.0,54.0,46.0,0
"""4967000""","""Salt Lake City""","""Salt Lake City, UT""",141.48,192675.4,75918.92,71152.18,43.0,50.0,47.0,23.0,28.0,26.0,20.0,21.0,20.0,7.21,34.86,1.66,1.0,2.0,19138.0,16959.0,17436.0,11.0,11.0,11.0,12524.0,10667.0,10994.0,9454.0,7930.0,8182.0,2790.0,2471.0,2541.0,280.0,265.0,272.0,252.0,239.0,245.0,4.5,8.4,3.95,1.07,26316.0,49.0,58750.0,91.0,14.0,58.0,2537,1181.0,1343.0,848.0,48.0,52.0,0
"""5103000""","""Arlington""","""Washington-Arlington-Alexandria, DC-VA-MD-WV""",181.0,223945.0,98441.0,16634.73,40.0,49.0,66.0,30.0,37.0,51.0,11.0,12.0,15.0,5.05,69.73,1.39,1.0,1.0,13494.0,11415.0,12290.0,26.0,25.0,26.0,9848.0,8575.0,8280.0,7911.0,6930.0,6511.0,1871.0,1582.0,1703.0,67.0,62.0,66.0,33.0,31.0,33.0,7.0,9.8,10.38,5.92,67131.0,28.0,120016.0,90.0,9.0,228.0,929,2280.0,2297.0,1762.0,44.0,56.0,0
"""5116000""","""Chesapeake""","""Virginia Beach-Norfolk-Newport News, VA-NC""",122.0,230601.0,81518.0,218112.01,55.0,66.0,59.0,33.0,41.0,36.0,22.0,25.0,24.0,9.5,17.52,1.84,2.0,2.0,22114.0,19502.0,21800.0,2.0,2.0,2.0,13083.0,11710.0,12821.0,9992.0,8985.0,9772.0,3064.0,2702.0,3021.0,27.0,23.0,28.0,26.0,22.0,26.0,1.5,6.4,1.28,0.37,15059.0,67.0,19117.0,88.0,44.0,32.0,3867,1616.0,1664.0,1124.0,70.0,30.0,1
"""5156000""","""Newport News""","""Virginia Beach-Norfolk-Newport News, VA-NC""",127.0,181323.0,69073.0,44066.94,45.0,53.0,49.0,25.0,31.0,27.0,20.0,22.0,22.0,8.03,22.5,1.67,1.0,2.0,19963.0,17662.0,19650.0,4.0,4.0,4.0,11909.0,10567.0,11632.0,9088.0,8067.0,8852.0,2766.0,2447.0,2723.0,55.0,52.0,57.0,53.0,49.0,55.0,6.3,7.1,4.97,1.57,15548.0,52.0,18725.0,87.0,12.0,125.0,1418,1217.0,1270.0,963.0,50.0,50.0,0
"""5157000""","""Norfolk""","""Virginia Beach-Norfolk-Newport News, VA-NC""",188.0,245452.0,87045.0,34614.57,45.0,53.0,48.0,26.0,32.0,28.0,19.0,21.0,20.0,7.13,29.14,1.55,1.0,2.0,17725.0,15671.0,17412.0,7.0,7.0,8.0,11022.0,9706.0,10742.0,8443.0,7414.0,8202.0,2456.0,2172.0,2413.0,123.0,120.0,127.0,117.0,114.0,121.0,7.3,8.6,7.29,2.51,23177.0,50.0,29599.0,87.0,5.0,250.0,800,1271.0,1426.0,1043.0,43.0,57.0,0
"""5167000""","""Richmond""","""Richmond, VA""",161.0,213735.0,87224.0,38287.0,41.0,49.0,46.0,24.0,30.0,27.0,18.0,19.0,19.0,6.37,24.47,1.47,1.0,1.0,16645.0,14674.0,16472.0,10.0,10.0,11.0,10509.0,9262.0,10299.0,8008.0,7045.0,7815.0,2307.0,2033.0,2283.0,195.0,184.0,201.0,165.0,155.0,170.0,6.5,9.2,6.45,2.28,23649.0,49.0,45546.0,88.0,8.0,175.0,931,1193.0,1400.0,879.0,42.0,58.0,0
"""5182000""","""Virginia Beach""","""Virginia Beach-Norfolk-Newport News, VA-NC""",301.0,448290.0,166242.0,159839.35,54.0,65.0,59.0,34.0,42.0,37.0,21.0,23.0,22.0,8.61,28.03,1.71,2.0,2.0,20285.0,17759.0,19980.0,4.0,4.0,4.0,12191.0,10819.0,11929.0,9300.0,8285.0,9078.0,2811.0,2461.0,2769.0,81.0,73.0,82.0,77.0,70.0,78.0,3.1,7.8,2.51,1.04,19923.0,55.0,21808.0,87.0,18.0,86.0,2926,1651.0,1651.0,1212.0,64.0,36.0,0
"""5363000""","""Seattle""","""Seattle-Tacoma-Bellevue, WA""",477.65,653470.57,296805.25,53656.4,46.0,54.0,59.0,30.0,37.0,39.0,16.0,18.0,20.0,5.93,57.67,1.52,1.0,1.0,15083.0,13187.0,14856.0,14.0,13.0,14.0,11609.0,9880.0,10807.0,8703.0,7310.0,7923.0,2530.0,2211.0,2491.0,377.0,359.0,393.0,226.0,215.0,235.0,7.0,6.9,10.66,5.53,49727.0,44.0,107363.0,93.0,5.0,284.0,716,1734.0,2057.0,1190.0,46.0,54.0,0
"""5367000""","""Spokane""","""Spokane-Spokane Valley, WA""",169.26,204624.06,85379.29,43989.19,49.0,56.0,46.0,26.0,32.0,23.0,23.0,25.0,22.0,6.97,23.58,1.55,1.0,2.0,17347.0,15414.0,18444.0,7.0,7.0,7.0,11363.0,9687.0,12071.0,8412.0,7053.0,8942.0,2832.0,2517.0,3011.0,118.0,116.0,118.0,148.0,146.0,148.0,5.6,6.0,4.18,1.94,18960.0,66.0,24885.0,89.0,8.0,197.0,1058,1043.0,1104.0,791.0,55.0,45.0,0
"""5370000""","""Tacoma""","""Seattle-Tacoma-Bellevue, WA""",172.65,203135.66,78905.24,31831.79,41.0,48.0,52.0,23.0,29.0,30.0,18.0,19.0,22.0,7.53,28.81,1.66,1.0,2.0,18826.0,16767.0,18585.0,5.0,5.0,6.0,12680.0,10802.0,11817.0,9486.0,7948.0,8658.0,3075.0,2737.0,3034.0,120.0,116.0,124.0,55.0,54.0,57.0,6.4,8.1,5.5,2.48,22993.0,63.0,29673.0,88.0,10.0,168.0,954,1347.0,1448.0,1021.0,51.0,49.0,0
"""5374060""","""Vancouver""","""Portland-Vancouver-Hillsboro, OR-WA""",112.6,165369.2,65287.99,29984.15,46.0,53.0,50.0,24.0,31.0,27.0,21.0,23.0,23.0,7.71,25.73,1.7,2.0,2.0,19179.0,16899.0,19202.0,4.0,4.0,4.0,12916.0,11082.0,12349.0,9709.0,8250.0,9138.0,3132.0,2759.0,3135.0,75.0,73.0,76.0,60.0,58.0,60.0,5.8,4.9,4.68,2.18,23978.0,53.0,29137.0,91.0,14.0,149.0,1448,1228.0,1366.0,985.0,50.0,50.0,0
"""5548000""","""Madison""","""Madison, WI""",153.26,232835.84,99929.44,49167.05,44.0,52.0,50.0,25.0,31.0,29.0,19.0,20.0,21.0,7.48,36.32,1.59,1.0,2.0,18328.0,16290.0,18367.0,5.0,5.0,6.0,11738.0,9977.0,11150.0,9084.0,7616.0,8484.0,2595.0,2306.0,2600.0,59.0,55.0,66.0,65.0,61.0,74.0,6.1,7.4,6.09,2.03,18900.0,43.0,37990.0,89.0,11.0,110.0,1096,1298.0,1395.0,938.0,47.0,53.0,0
"""5553000""","""Milwaukee""","""Milwaukee-Waukesha-West Allis, WI""",570.73,599636.6,230830.92,61554.6,41.0,49.0,42.0,23.0,28.0,23.0,19.0,21.0,19.0,6.31,39.45,1.44,1.0,1.0,15919.0,14172.0,16122.0,10.0,10.0,10.0,10219.0,8941.0,10344.0,7814.0,6785.0,7905.0,2253.0,2006.0,2282.0,152.0,151.0,156.0,164.0,163.0,169.0,7.3,8.8,7.03,3.75,37741.0,41.0,51429.0,89.0,10.0,166.0,1026,1025.0,1215.0,796.0,42.0,58.0,0
